# Blender 5.2.0 LTS
# www.blender.org
mtllib ship.mtl
o Cylinder
v -0.581216 1.050234 -0.006924
v -0.584574 1.060331 -0.009736
v -0.548368 1.064420 0.022863
v -0.550184 1.075182 0.021448
v -0.537208 1.067505 0.067956
v -0.538501 1.078412 0.068658
v -0.552000 1.058311 0.111131
v -0.553986 1.068787 0.113859
v -0.587092 1.040350 0.135898
v -0.590725 1.049983 0.139788
v -0.629081 1.020482 0.132795
v -0.634685 1.029182 0.136540
v -0.661928 1.006297 0.103009
v -0.669075 1.014331 0.105356
v -0.673088 1.003212 0.057916
v -0.680758 1.011101 0.058146
v -0.658297 1.012406 0.014740
v -0.665272 1.020727 0.012944
v -0.623204 1.030367 -0.010026
v -0.628533 1.039531 -0.012985
v -0.555926 1.087223 0.022045
v -0.590315 1.072372 -0.009139
v -0.544243 1.090453 0.069255
v -0.559728 1.080828 0.114457
v -0.596467 1.062024 0.140385
v -0.640427 1.041224 0.137137
v -0.674816 1.026372 0.105953
v -0.686499 1.023142 0.058743
v -0.671014 1.032768 0.013541
v -0.634275 1.051572 -0.012387
v -0.551607 1.071212 0.023200
v -0.584454 1.057027 -0.006587
v -0.540447 1.074297 0.068293
v -0.555238 1.065104 0.111468
v -0.590330 1.047143 0.136235
v -0.632319 1.027275 0.133132
v -0.665167 1.013089 0.103346
v -0.676327 1.010004 0.058253
v -0.661535 1.019198 0.015077
v -0.626443 1.037159 -0.009689
v -0.558591 1.085859 0.023926
v -0.591438 1.071674 -0.005860
v -0.547431 1.088944 0.069019
v -0.562222 1.079750 0.112195
v -0.597314 1.061789 0.136961
v -0.639303 1.041922 0.133858
v -0.672151 1.027736 0.104072
v -0.683311 1.024651 0.058979
v -0.668519 1.033845 0.015804
v -0.633427 1.051806 -0.008963
v -0.588130 1.030860 0.028869
v -0.572383 1.037661 0.043148
v -0.567033 1.039140 0.064766
v -0.574124 1.034732 0.085464
v -0.590947 1.026122 0.097336
v -0.611076 1.016597 0.095849
v -0.626823 1.009797 0.081570
v -0.632172 1.008318 0.059953
v -0.625082 1.012726 0.039255
v -0.608259 1.021336 0.027382
v -0.570127 1.090795 0.029567
v -0.598704 1.078454 0.003653
v -0.560418 1.093479 0.068799
v -0.573286 1.085480 0.106362
v -0.603817 1.069854 0.127909
v -0.640347 1.052569 0.125210
v -0.668925 1.040228 0.099295
v -0.678634 1.037544 0.060064
v -0.665766 1.045542 0.022501
v -0.635235 1.061169 0.000953
v -0.630738 1.129944 0.056159
v -0.639811 1.126026 0.047932
v -0.627655 1.130797 0.068615
v -0.631741 1.128257 0.080541
v -0.641434 1.123296 0.087382
v -0.653032 1.117808 0.086525
v -0.662106 1.113890 0.078297
v -0.665188 1.113037 0.065842
v -0.661102 1.115577 0.053916
v -0.651409 1.120538 0.047075
v -0.552784 1.192602 -0.004106
v -0.612000 1.167029 -0.057804
v -0.532666 1.198163 0.077185
v -0.559331 1.181589 0.155020
v -0.622593 1.149209 0.199668
v -0.698289 1.113393 0.194075
v -0.757505 1.087820 0.140377
v -0.777623 1.082258 0.059086
v -0.750958 1.098833 -0.018749
v -0.687696 1.131212 -0.063397
v -0.559056 1.197271 -0.001497
v -0.616391 1.172510 -0.053489
v -0.539577 1.202655 0.077212
v -0.565395 1.186608 0.152574
v -0.626647 1.155257 0.195803
v -0.699938 1.120578 0.190388
v -0.757273 1.095818 0.138396
v -0.776752 1.090433 0.059687
v -0.750934 1.106481 -0.015675
v -0.689682 1.137831 -0.058904
v -0.563169 1.214380 -0.003026
v -0.622385 1.188807 -0.056724
v -0.543051 1.219941 0.078265
v -0.569715 1.203367 0.156100
v -0.632978 1.170988 0.200748
v -0.708673 1.135171 0.195155
v -0.767889 1.109598 0.141457
v -0.788007 1.104037 0.060166
v -0.761343 1.120611 -0.017669
v -0.698080 1.152990 -0.062317
v -0.600477 1.210770 0.019733
v -0.641544 1.193035 -0.017506
v -0.586526 1.214626 0.076109
v -0.605018 1.203132 0.130087
v -0.648890 1.180677 0.161050
v -0.701385 1.155838 0.157171
v -0.742451 1.138104 0.119932
v -0.756403 1.134247 0.063557
v -0.737911 1.145741 0.009578
v -0.694039 1.168196 -0.021385
v -0.602551 1.215117 0.019949
v -0.643617 1.197382 -0.017290
v -0.588599 1.218974 0.076324
v -0.607091 1.207480 0.130303
v -0.650963 1.185025 0.161266
v -0.703458 1.160186 0.157387
v -0.744524 1.142451 0.120148
v -0.758476 1.138594 0.063772
v -0.739984 1.150089 0.009794
v -0.696112 1.172544 -0.021169
v -0.595953 1.223886 0.014049
v -0.642031 1.203987 -0.027736
v -0.580298 1.228214 0.077305
v -0.601047 1.215317 0.137872
v -0.650274 1.190121 0.172615
v -0.709177 1.162250 0.168263
v -0.755256 1.142351 0.126478
v -0.770910 1.138023 0.063221
v -0.750161 1.150920 0.002654
v -0.700934 1.176116 -0.032088
v -0.597826 1.227816 0.014244
v -0.643905 1.207916 -0.027541
v -0.582171 1.232143 0.077500
v -0.602921 1.219246 0.138067
v -0.652148 1.194050 0.172810
v -0.711050 1.166180 0.168457
v -0.757129 1.146280 0.126673
v -0.772784 1.141952 0.063416
v -0.752035 1.154850 0.002849
v -0.702807 1.180045 -0.031893
v -0.605920 1.228543 0.018833
v -0.648397 1.210199 -0.019685
v -0.591490 1.232532 0.077144
v -0.610617 1.220643 0.132975
v -0.655995 1.197417 0.165001
v -0.710292 1.171726 0.160989
v -0.752768 1.153382 0.122472
v -0.767199 1.149393 0.064161
v -0.748072 1.161282 0.008329
v -0.702694 1.184508 -0.023697
v -0.760867 1.103355 0.138770
v -0.780346 1.097970 0.060061
v -0.568989 1.194144 0.152948
v -0.630241 1.162794 0.196177
v -0.619984 1.180047 -0.053115
v -0.562650 1.204808 -0.001123
v -0.754528 1.114018 -0.015301
v -0.703532 1.128115 0.190762
v -0.543171 1.210192 0.077586
v -0.693276 1.145368 -0.058530
v -0.678140 1.071494 0.023787
v -0.691009 1.063496 0.061351
v -0.674974 1.076811 0.109476
v -0.665295 1.080991 0.118253
v -0.616191 1.095806 0.129196
v -0.585661 1.111432 0.107649
v -0.647610 1.087121 0.002240
v -0.611079 1.104406 0.004940
v -0.582501 1.116747 0.030854
v -0.572792 1.119431 0.070086
v -0.714238 1.055892 -0.008951
v -0.737153 1.041648 0.057940
v -0.719864 1.046427 0.127802
v -0.668974 1.068405 0.173950
v -0.603920 1.099186 0.178757
v -0.549553 1.127012 0.140386
v -0.659870 1.083719 -0.047322
v -0.594817 1.114500 -0.042515
v -0.543926 1.136477 0.003633
v -0.526637 1.141257 0.073495
v -0.721846 1.052606 -0.015851
v -0.746880 1.037046 0.057221
v -0.727993 1.042267 0.133539
v -0.672400 1.066275 0.183951
v -0.601335 1.099900 0.189202
v -0.541944 1.130298 0.147286
v -0.662455 1.083004 -0.057767
v -0.591390 1.116629 -0.052516
v -0.535798 1.140638 -0.002104
v -0.516911 1.145859 0.074214
v -0.717548 1.062835 -0.008607
v -0.663180 1.090662 -0.046977
v -0.740464 1.048591 0.058284
v -0.723175 1.053370 0.128146
v -0.672284 1.075348 0.174294
v -0.607231 1.106128 0.179101
v -0.552863 1.133955 0.140731
v -0.529948 1.148199 0.073839
v -0.598127 1.121442 -0.042171
v -0.547237 1.143420 0.003977
v -0.725157 1.059549 -0.015507
v -0.665765 1.089947 -0.057423
v -0.750190 1.043989 0.057566
v -0.731303 1.049210 0.133883
v -0.675710 1.073218 0.184295
v -0.604646 1.106843 0.189546
v -0.545255 1.137241 0.147630
v -0.520221 1.152801 0.074558
v -0.594701 1.123572 -0.052172
v -0.539108 1.147580 -0.001760
v -0.437498 1.191943 0.080670
v -0.565561 1.141685 -0.137233
v -0.469972 1.182966 -0.050552
v -0.832914 1.004847 0.051453
v -0.704851 1.055105 0.269356
v -0.480541 1.165188 0.206313
v -0.582660 1.112921 0.278385
v -0.800439 1.013824 0.182676
v -0.789871 1.031602 -0.074190
v -0.687751 1.083869 -0.146261
v -0.630201 1.152978 0.050531
v -0.634437 1.137703 0.056544
v -0.643510 1.133784 0.048316
v -0.644631 1.146746 0.037446
v -0.625298 1.154333 0.070341
v -0.631355 1.138555 0.069000
v -0.631796 1.150294 0.089308
v -0.635440 1.136015 0.080926
v -0.647212 1.142404 0.100188
v -0.645133 1.131054 0.087767
v -0.665658 1.133676 0.098825
v -0.656732 1.125566 0.086910
v -0.680088 1.127444 0.085740
v -0.665805 1.121648 0.078682
v -0.684991 1.126089 0.065930
v -0.668887 1.120796 0.066226
v -0.678493 1.130128 0.046963
v -0.664802 1.123335 0.054300
v -0.663077 1.138018 0.036083
v -0.655109 1.128296 0.047459
v -0.583243 1.033898 0.014606
v -0.560790 1.043594 0.034967
v -0.553162 1.045703 0.065791
v -0.563272 1.039418 0.095304
v -0.587260 1.027141 0.112233
v -0.615962 1.013560 0.110113
v -0.638416 1.003863 0.089752
v -0.646044 1.001755 0.058928
v -0.635933 1.008039 0.029414
v -0.611946 1.020317 0.012485
v -0.577658 1.008900 0.027780
v -0.561911 1.015700 0.042059
v -0.556562 1.017179 0.063677
v -0.563652 1.012771 0.084375
v -0.580475 1.004161 0.096247
v -0.600604 0.994637 0.094760
v -0.616351 0.987836 0.080481
v -0.621701 0.986357 0.058864
v -0.614610 0.990765 0.038166
v -0.597787 0.999375 0.026293
v -0.558974 0.994431 0.000245
v -0.530749 1.006620 0.025840
v -0.521160 1.009271 0.064586
v -0.533870 1.001371 0.101685
v -0.564023 0.985938 0.122965
v -0.600102 0.968867 0.120299
v -0.628326 0.956678 0.094705
v -0.637915 0.954027 0.055959
v -0.625206 0.961927 0.018860
v -0.595053 0.977360 -0.002420
v -0.562843 1.002547 0.000648
v -0.573014 1.011786 0.014224
v -0.550893 1.021339 0.034283
v -0.534619 1.014736 0.026242
v -0.543378 1.023417 0.064651
v -0.525030 1.017386 0.064988
v -0.553339 1.017226 0.093727
v -0.537740 1.009486 0.102087
v -0.576971 1.005130 0.110406
v -0.567892 0.994053 0.123368
v -0.605249 0.991750 0.108316
v -0.603972 0.976982 0.120702
v -0.627369 0.982197 0.088257
v -0.632196 0.964793 0.095108
v -0.634885 0.980119 0.057889
v -0.641785 0.962142 0.056361
v -0.624924 0.986311 0.028813
v -0.629076 0.970042 0.019263
v -0.601291 0.998407 0.012135
v -0.598923 0.985475 -0.002018
v -0.434284 1.185203 0.080336
v -0.562347 1.134945 -0.137567
v -0.466758 1.176225 -0.050887
v -0.829700 0.998106 0.051119
v -0.701637 1.048364 0.269022
v -0.477327 1.158448 0.205979
v -0.579446 1.106180 0.278051
v -0.797225 1.007084 0.182342
v -0.786657 1.024861 -0.074524
v -0.684537 1.077129 -0.146596
v -0.793591 1.021623 -0.080910
v -0.686829 1.076266 -0.156257
v -0.425200 1.189253 0.080990
v -0.470199 1.161282 0.212345
v -0.704706 1.046194 0.278254
v -0.804640 1.003037 0.187633
v -0.541914 1.131760 0.118089
v -0.534276 1.136509 0.095792
v -0.652022 1.084426 0.186046
v -0.628334 1.095635 0.187796
v -0.650600 1.085608 0.175896
v -0.628915 1.095868 0.177499
v -0.559084 1.136710 -0.146818
v -0.459151 1.179867 -0.056198
v -0.576961 1.106638 0.287693
v -0.648712 1.077484 0.185701
v -0.625024 1.088692 0.187452
v -0.647289 1.078665 0.175552
v -0.838591 0.993652 0.050445
v -0.625605 1.088925 0.177154
v -0.610856 0.962009 0.057556
v -0.611512 0.966704 0.054188
v -0.607366 0.963516 0.060721
v -0.606347 0.968935 0.058872
v -0.606181 0.963844 0.065512
v -0.604592 0.969420 0.065963
v -0.607752 0.962867 0.070099
v -0.606918 0.967974 0.072752
v -0.611480 0.960959 0.072730
v -0.612436 0.965150 0.076647
v -0.615941 0.958848 0.072401
v -0.619039 0.962026 0.076159
v -0.619431 0.957341 0.069236
v -0.624205 0.959795 0.071475
v -0.620617 0.957013 0.064445
v -0.625959 0.959310 0.064384
v -0.619045 0.957990 0.059858
v -0.623633 0.960756 0.057595
v -0.615317 0.959898 0.057227
v -0.618115 0.963580 0.053700
v -0.609635 0.962768 0.053993
v -0.604470 0.964998 0.058677
v -0.602715 0.965483 0.065768
v -0.605041 0.964038 0.072557
v -0.610559 0.961213 0.076452
v -0.617162 0.958089 0.075964
v -0.622327 0.955858 0.071280
v -0.624082 0.955373 0.064189
v -0.621756 0.956819 0.057400
v -0.616238 0.959643 0.053505
v -0.610192 0.960616 0.057487
v -0.606702 0.962123 0.060652
v -0.605516 0.962451 0.065443
v -0.607088 0.961474 0.070030
v -0.610816 0.959566 0.072661
v -0.615277 0.957455 0.072332
v -0.618767 0.955948 0.069167
v -0.619953 0.955620 0.064376
v -0.618381 0.956597 0.059789
v -0.614653 0.958505 0.057158
v -0.608347 0.947556 0.060477
v -0.610211 0.946602 0.061793
v -0.610997 0.946114 0.064087
v -0.610404 0.946278 0.066482
v -0.608659 0.947031 0.068065
v -0.606428 0.948087 0.068230
v -0.604564 0.949041 0.066914
v -0.603778 0.949530 0.064620
v -0.604371 0.949366 0.062224
v -0.606116 0.948612 0.060642
v -0.608677 0.953982 0.060908
v -0.606932 0.954736 0.062491
v -0.606339 0.954900 0.064886
v -0.607125 0.954412 0.067180
v -0.608989 0.953457 0.068496
v -0.611220 0.952402 0.068331
v -0.612965 0.951648 0.066749
v -0.613558 0.951484 0.064353
v -0.612772 0.951972 0.062059
v -0.610908 0.952927 0.060743
v -0.607827 0.954511 0.058427
v -0.607948 0.955909 0.057254
v -0.604458 0.957416 0.060418
v -0.604915 0.955768 0.061067
v -0.603272 0.957744 0.065209
v -0.603925 0.956042 0.065065
v -0.604844 0.956767 0.069796
v -0.605237 0.955227 0.068892
v -0.608572 0.954859 0.072428
v -0.608348 0.953635 0.071088
v -0.613033 0.952748 0.072098
v -0.612070 0.951873 0.070813
v -0.616523 0.951241 0.068934
v -0.614982 0.950616 0.068172
v -0.617709 0.950913 0.064143
v -0.615971 0.950342 0.064175
v -0.616137 0.951890 0.059555
v -0.614660 0.951157 0.060347
v -0.612409 0.953798 0.056924
v -0.611549 0.952749 0.058152
v -0.612006 0.945636 0.064012
v -0.611001 0.946261 0.061077
v -0.606160 0.948161 0.069314
v -0.609015 0.946810 0.069103
v -0.603774 0.949382 0.067630
v -0.611248 0.945846 0.067078
v -0.603527 0.949797 0.061629
v -0.602769 0.950007 0.064695
v -0.608615 0.947482 0.059393
v -0.605760 0.948833 0.059604
v -0.603652 0.946295 0.064401
v -0.604186 0.945963 0.065961
v -0.606758 0.944953 0.061584
v -0.605241 0.945671 0.061696
v -0.605454 0.945314 0.066856
v -0.608026 0.944305 0.062479
v -0.606970 0.944596 0.066744
v -0.604055 0.946183 0.062772
v -0.608157 0.944084 0.065668
v -0.608560 0.943972 0.064039
v -0.601487 0.947319 0.064561
v -0.602493 0.946694 0.067497
v -0.607333 0.944794 0.059260
v -0.604479 0.946145 0.059471
v -0.604878 0.945473 0.069180
v -0.609719 0.943573 0.060943
v -0.607733 0.944122 0.068969
v -0.602246 0.947109 0.061496
v -0.609966 0.943158 0.066944
v -0.610725 0.942948 0.063879
v -0.583662 0.904374 0.062322
v -0.584197 0.904041 0.063882
v -0.586769 0.903032 0.059505
v -0.585252 0.903750 0.059618
v -0.585464 0.903393 0.064777
v -0.588036 0.902383 0.060400
v -0.586981 0.902675 0.064665
v -0.584066 0.904262 0.060694
v -0.588168 0.902163 0.063589
v -0.588571 0.902051 0.061960
v -0.582815 0.904775 0.062385
v -0.583534 0.904328 0.064483
v -0.586994 0.902970 0.058595
v -0.584954 0.903935 0.058746
v -0.585239 0.903455 0.065687
v -0.588699 0.902097 0.059799
v -0.587280 0.902489 0.065536
v -0.583357 0.904625 0.060194
v -0.588876 0.901800 0.064088
v -0.589418 0.901650 0.061897
v -0.581046 0.901065 0.062201
v -0.581765 0.900618 0.064299
v -0.585225 0.899260 0.058411
v -0.583185 0.900225 0.058562
v -0.583470 0.899745 0.065503
v -0.586930 0.898387 0.059615
v -0.585511 0.898780 0.065352
v -0.581588 0.900915 0.060010
v -0.587107 0.898090 0.063905
v -0.587649 0.897940 0.061713
v -0.581761 0.900726 0.062148
v -0.582325 0.900376 0.063792
v -0.585035 0.899312 0.059180
v -0.583437 0.900069 0.059298
v -0.583660 0.899692 0.064734
v -0.586371 0.898629 0.060123
v -0.585259 0.898936 0.064616
v -0.582186 0.900609 0.060432
v -0.586509 0.898396 0.063482
v -0.586934 0.898279 0.061766
v -0.580284 0.894586 0.061784
v -0.580590 0.894396 0.062675
v -0.582060 0.893820 0.060174
v -0.581193 0.894230 0.060238
v -0.581314 0.894026 0.063187
v -0.582784 0.893449 0.060685
v -0.582181 0.893615 0.063123
v -0.580515 0.894523 0.060853
v -0.582859 0.893323 0.062508
v -0.583090 0.893259 0.061577
v -0.592359 0.969424 0.085891
v -0.593624 0.973741 0.084300
v -0.590610 0.970179 0.087477
v -0.591035 0.974859 0.086648
v -0.590015 0.970343 0.089879
v -0.590155 0.975102 0.090202
v -0.590803 0.969854 0.092178
v -0.591321 0.974377 0.093605
v -0.592672 0.968897 0.093497
v -0.594087 0.972962 0.095557
v -0.594908 0.967839 0.093332
v -0.597397 0.971396 0.095313
v -0.596657 0.967084 0.091745
v -0.599986 0.970278 0.092965
v -0.597251 0.966920 0.089344
v -0.600865 0.970034 0.089411
v -0.596464 0.967409 0.087045
v -0.599700 0.970759 0.086008
v -0.594595 0.968366 0.085726
v -0.596934 0.972175 0.084056
v -0.591747 0.969804 0.084105
v -0.589158 0.970922 0.086453
v -0.588278 0.971165 0.090007
v -0.589444 0.970441 0.093410
v -0.592210 0.969025 0.095362
v -0.595520 0.967459 0.095118
v -0.598109 0.966341 0.092770
v -0.598988 0.966098 0.089216
v -0.597823 0.966822 0.085812
v -0.595057 0.968238 0.083860
v -0.591415 0.967445 0.085793
v -0.589666 0.968201 0.087379
v -0.589072 0.968365 0.089780
v -0.589859 0.967875 0.092080
v -0.591728 0.966919 0.093399
v -0.593964 0.965861 0.093233
v -0.595714 0.965105 0.091647
v -0.596308 0.964941 0.089246
v -0.595520 0.965430 0.086946
v -0.593651 0.966387 0.085628
v -0.592131 0.964147 0.087125
v -0.593224 0.963588 0.087896
v -0.593684 0.963302 0.089240
v -0.593337 0.963398 0.090644
v -0.592314 0.963839 0.091571
v -0.591007 0.964458 0.091668
v -0.589915 0.965017 0.090897
v -0.589454 0.965303 0.089553
v -0.589802 0.965207 0.088149
v -0.590824 0.964765 0.087222
v -0.585463 0.950162 0.086432
v -0.584156 0.950781 0.086528
v -0.586668 0.949413 0.089950
v -0.587016 0.949317 0.088547
v -0.586555 0.949603 0.087203
v -0.585646 0.949855 0.090878
v -0.583246 0.951032 0.090203
v -0.584339 0.950473 0.090974
v -0.583133 0.951222 0.087456
v -0.582786 0.951318 0.088859
v -0.585696 0.950098 0.085489
v -0.583846 0.950973 0.085625
v -0.587402 0.949037 0.090468
v -0.587894 0.948901 0.088482
v -0.587242 0.949306 0.086580
v -0.585955 0.949662 0.091781
v -0.582559 0.951329 0.090826
v -0.584105 0.950538 0.091917
v -0.582399 0.951598 0.086938
v -0.581908 0.951734 0.088924
v -0.584019 0.947067 0.086166
v -0.582647 0.947716 0.086267
v -0.585284 0.946281 0.089859
v -0.585648 0.946180 0.088386
v -0.585165 0.946480 0.086975
v -0.584211 0.946744 0.090832
v -0.581692 0.947980 0.090125
v -0.582839 0.947393 0.090934
v -0.581573 0.948180 0.087241
v -0.581209 0.948281 0.088714
v -0.583802 0.947127 0.087040
v -0.582934 0.947538 0.087105
v -0.584603 0.946629 0.089379
v -0.584834 0.946565 0.088446
v -0.584528 0.946755 0.087553
v -0.583924 0.946922 0.089995
v -0.582329 0.947705 0.089547
v -0.583055 0.947333 0.090059
v -0.582254 0.947832 0.087721
v -0.582023 0.947895 0.088654
v -0.582177 0.943719 0.086871
v -0.581308 0.944130 0.086936
v -0.582978 0.943221 0.089210
v -0.583209 0.943157 0.088277
v -0.582903 0.943347 0.087384
v -0.582299 0.943514 0.089826
v -0.580704 0.944297 0.089378
v -0.581430 0.943925 0.089890
v -0.580629 0.944423 0.087552
v -0.580398 0.944487 0.088485
v -0.685312 1.197051 0.071204
v -0.682449 1.189384 0.072628
v -0.683076 1.198109 0.071369
v -0.679140 1.190950 0.072873
v -0.681207 1.199066 0.070050
v -0.676374 1.192366 0.070921
v -0.680420 1.199555 0.067751
v -0.675208 1.193090 0.067518
v -0.681014 1.199391 0.065349
v -0.676088 1.192847 0.063963
v -0.682763 1.198636 0.063763
v -0.678677 1.191729 0.061616
v -0.684999 1.197578 0.063598
v -0.681986 1.190163 0.061371
v -0.686868 1.196621 0.064917
v -0.684752 1.188747 0.063323
v -0.687656 1.196131 0.067216
v -0.685918 1.188023 0.066726
v -0.687061 1.196296 0.069617
v -0.685038 1.188266 0.070281
v -0.685924 1.196671 0.072990
v -0.682614 1.198237 0.073234
v -0.679848 1.199653 0.071282
v -0.678683 1.200377 0.067879
v -0.679562 1.200134 0.064325
v -0.682151 1.199016 0.061977
v -0.685461 1.197450 0.061733
v -0.688227 1.196034 0.063685
v -0.689393 1.195310 0.067088
v -0.688513 1.195553 0.070642
v -0.685976 1.198444 0.071273
v -0.683740 1.199502 0.071438
v -0.681871 1.200459 0.070119
v -0.681084 1.200948 0.067820
v -0.681678 1.200784 0.065418
v -0.683427 1.200029 0.063832
v -0.685663 1.198970 0.063667
v -0.687532 1.198014 0.064986
v -0.688320 1.197524 0.067285
v -0.687726 1.197689 0.069686
v -0.687869 1.201268 0.068945
v -0.688217 1.201172 0.067542
v -0.687756 1.201458 0.066198
v -0.686664 1.202017 0.065427
v -0.685357 1.202636 0.065523
v -0.684334 1.203077 0.066451
v -0.683987 1.203173 0.067854
v -0.684447 1.202887 0.069198
v -0.685540 1.202328 0.069969
v -0.686847 1.201710 0.069873
v -0.708935 1.245446 0.071136
v -0.707912 1.245887 0.072063
v -0.707729 1.246195 0.067618
v -0.708822 1.245636 0.068389
v -0.709282 1.245350 0.069733
v -0.706422 1.246814 0.067714
v -0.705052 1.247351 0.070045
v -0.705400 1.247255 0.068641
v -0.706605 1.246506 0.072160
v -0.705513 1.247065 0.071389
v -0.709669 1.245070 0.071654
v -0.708221 1.245695 0.072967
v -0.707963 1.246130 0.066674
v -0.709509 1.245339 0.067766
v -0.710160 1.244934 0.069668
v -0.706113 1.247006 0.066811
v -0.704174 1.247767 0.070110
v -0.704666 1.247631 0.068123
v -0.706372 1.246570 0.073103
v -0.704826 1.247362 0.072012
v -0.710494 1.248488 0.071351
v -0.709421 1.248952 0.072324
v -0.709229 1.249275 0.067658
v -0.710376 1.248688 0.068467
v -0.710859 1.248387 0.069878
v -0.707857 1.249924 0.067759
v -0.706419 1.250488 0.070206
v -0.706784 1.250387 0.068733
v -0.708049 1.249601 0.072426
v -0.706903 1.250188 0.071617
v -0.709814 1.248837 0.070871
v -0.709134 1.249130 0.071487
v -0.709013 1.249335 0.068532
v -0.709739 1.248963 0.069045
v -0.710045 1.248773 0.069938
v -0.708144 1.249746 0.068597
v -0.707234 1.250103 0.070146
v -0.707465 1.250039 0.069213
v -0.708266 1.249541 0.071551
v -0.707540 1.249913 0.071039
v -0.711093 1.251520 0.071004
v -0.710414 1.251813 0.071620
v -0.710292 1.252018 0.068666
v -0.711018 1.251646 0.069178
v -0.711324 1.251456 0.070071
v -0.709424 1.252429 0.068730
v -0.708513 1.252786 0.070279
v -0.708744 1.252722 0.069346
v -0.709545 1.252224 0.071684
v -0.708819 1.252596 0.071172
v -0.685264 1.193766 0.137914
v -0.682495 1.186041 0.139612
v -0.679551 1.196469 0.138336
v -0.675545 1.189329 0.140125
v -0.674777 1.198913 0.134967
v -0.669736 1.192302 0.136026
v -0.672765 1.200164 0.129093
v -0.667288 1.193824 0.128879
v -0.674283 1.199744 0.122958
v -0.669135 1.193313 0.121415
v -0.678752 1.197814 0.118905
v -0.674572 1.190965 0.116485
v -0.684465 1.195111 0.118483
v -0.681522 1.187677 0.115971
v -0.689239 1.192667 0.121852
v -0.687331 1.184704 0.120071
v -0.691251 1.191416 0.127727
v -0.689779 1.183182 0.127217
v -0.689733 1.191836 0.133862
v -0.687932 1.183693 0.134681
v -0.685969 1.193328 0.139973
v -0.679019 1.196616 0.140486
v -0.673211 1.199589 0.136387
v -0.670762 1.201111 0.129241
v -0.672610 1.200600 0.121777
v -0.678047 1.198252 0.116846
v -0.684997 1.194964 0.116333
v -0.690805 1.191991 0.120432
v -0.693254 1.190469 0.127579
v -0.691406 1.190980 0.135043
v -0.697580 1.219595 0.139195
v -0.691867 1.222298 0.139617
v -0.687093 1.224742 0.136248
v -0.685081 1.225993 0.130373
v -0.686599 1.225573 0.124238
v -0.691068 1.223643 0.120186
v -0.696781 1.220940 0.119764
v -0.701555 1.218496 0.123133
v -0.703567 1.217245 0.129007
v -0.702049 1.217665 0.135143
v -0.702335 1.228736 0.132757
v -0.703065 1.228534 0.129809
v -0.702098 1.229135 0.126987
v -0.699804 1.230309 0.125368
v -0.697059 1.231608 0.125571
v -0.694912 1.232535 0.127518
v -0.694182 1.232737 0.130466
v -0.695149 1.232136 0.133288
v -0.697443 1.230962 0.134907
v -0.700188 1.229663 0.134704
v -0.715016 1.255329 0.134076
v -0.712868 1.256257 0.136023
v -0.712484 1.256903 0.126687
v -0.714778 1.255729 0.128306
v -0.715745 1.255128 0.131128
v -0.709739 1.258202 0.126890
v -0.706863 1.259331 0.131785
v -0.707592 1.259129 0.128837
v -0.710124 1.257555 0.136226
v -0.707830 1.258730 0.134607
v -0.716557 1.254540 0.135164
v -0.713518 1.255853 0.137920
v -0.712974 1.256767 0.124706
v -0.716221 1.255106 0.126997
v -0.717590 1.254255 0.130992
v -0.709090 1.258605 0.124993
v -0.705018 1.260203 0.131921
v -0.706051 1.259918 0.127749
v -0.709633 1.257691 0.138207
v -0.706387 1.259353 0.135915
v -0.718283 1.261701 0.134527
v -0.716029 1.262674 0.136570
v -0.715626 1.263352 0.126771
v -0.718033 1.262120 0.128470
v -0.719048 1.261489 0.131433
v -0.712745 1.264715 0.126984
v -0.709725 1.265900 0.132121
v -0.710491 1.265689 0.129027
v -0.713148 1.264037 0.136783
v -0.710740 1.265270 0.135084
v -0.716854 1.262432 0.133518
v -0.715427 1.263048 0.134812
v -0.715171 1.263478 0.128607
v -0.716696 1.262697 0.129683
v -0.717339 1.262298 0.131559
v -0.713347 1.264341 0.128742
v -0.711435 1.265091 0.131995
v -0.711920 1.264957 0.130036
v -0.713602 1.263911 0.134947
v -0.712078 1.264692 0.133871
v -0.718133 1.265115 0.133651
v -0.716706 1.265731 0.134945
v -0.716451 1.266161 0.128740
v -0.717975 1.265381 0.129816
v -0.718618 1.264981 0.131692
v -0.714626 1.267024 0.128875
v -0.712714 1.267774 0.132128
v -0.713199 1.267640 0.130169
v -0.714882 1.266595 0.135080
v -0.713357 1.267375 0.134004
v -0.723106 1.279379 0.133284
v -0.722529 1.279628 0.133807
v -0.722426 1.279801 0.131299
v -0.723042 1.279486 0.131734
v -0.723302 1.279324 0.132492
v -0.721688 1.280150 0.131353
v -0.720915 1.280454 0.132668
v -0.721111 1.280399 0.131876
v -0.721792 1.279977 0.133862
v -0.721175 1.280292 0.133427
v -0.690182 1.218765 0.139442
v -0.695895 1.216061 0.139020
v -0.701882 1.213712 0.128832
v -0.699870 1.214963 0.122958
v -0.689383 1.220109 0.120011
v -0.684914 1.222039 0.124063
v -0.685408 1.221208 0.136072
v -0.700364 1.214131 0.134967
v -0.695096 1.217406 0.119589
v -0.683396 1.222459 0.130198
v -0.694797 1.216744 0.135813
v -0.697430 1.216016 0.125170
v -0.687520 1.220705 0.125903
v -0.691011 1.218535 0.136093
v -0.698764 1.215187 0.129063
v -0.690481 1.219427 0.123217
v -0.687848 1.220155 0.133860
v -0.697758 1.215466 0.133128
v -0.694267 1.217635 0.122938
v -0.686514 1.220983 0.129968
v -0.691025 1.220531 0.139530
v -0.702725 1.215479 0.128920
v -0.690225 1.221876 0.120098
v -0.686250 1.222975 0.136160
v -0.701207 1.215898 0.135055
v -0.695938 1.219173 0.119676
v -0.684238 1.224226 0.130286
v -0.696738 1.217828 0.139107
v -0.700713 1.216729 0.123046
v -0.685756 1.223806 0.124151
v -0.679700 1.226213 0.133849
v -0.680779 1.225543 0.136996
v -0.692593 1.219496 0.145335
v -0.695655 1.218047 0.145108
v -0.685852 1.224140 0.116495
v -0.683457 1.225174 0.118667
v -0.702547 1.216142 0.117256
v -0.699989 1.217451 0.115451
v -0.706714 1.213271 0.135080
v -0.707527 1.213046 0.131792
v -0.689057 1.221946 0.129913
v -0.690031 1.221341 0.132754
v -0.692291 1.220184 0.134349
v -0.695054 1.218877 0.134145
v -0.691938 1.220814 0.125048
v -0.689776 1.221748 0.127008
v -0.696952 1.218352 0.126478
v -0.694642 1.219534 0.124848
v -0.697170 1.217963 0.132226
v -0.697904 1.217760 0.129259
v -0.564404 1.142503 -0.140712
v -0.559952 1.138529 -0.146728
v -0.460018 1.181686 -0.056108
v -0.467177 1.184491 -0.052547
v -0.792557 1.030533 -0.076589
v -0.794458 1.023442 -0.080819
v -0.687696 1.078085 -0.156167
v -0.688688 1.083696 -0.149896
v -0.803307 1.012451 0.184678
v -0.805507 1.004856 0.187723
v -0.839458 0.995471 0.050535
v -0.836338 1.003320 0.051207
v -0.581796 1.113246 0.282027
v -0.577829 1.108457 0.287783
v -0.705573 1.048013 0.278344
v -0.706080 1.054439 0.272844
v -0.426067 1.191072 0.081080
v -0.434146 1.193622 0.080925
v -0.477927 1.166409 0.208720
v -0.471067 1.163101 0.212435
v -0.525255 1.140672 0.098571
v -0.533600 1.135485 0.122929
v -0.537586 1.143451 0.096136
v -0.545225 1.138703 0.118434
v -0.528566 1.147615 0.098915
v -0.536910 1.142428 0.123273
v -0.577853 1.121825 -0.027132
v -0.560890 1.129151 -0.011750
v -0.572860 1.124632 -0.035712
v -0.554329 1.132635 -0.018908
v -0.581164 1.128768 -0.026788
v -0.564200 1.136094 -0.011405
v -0.576170 1.131575 -0.035368
v -0.557639 1.139578 -0.018564
v -0.696115 1.065168 -0.021741
v -0.677992 1.074443 -0.034532
v -0.702049 1.062739 -0.029823
v -0.682252 1.072871 -0.043795
v -0.699426 1.072110 -0.021397
v -0.681303 1.081386 -0.034187
v -0.705360 1.069682 -0.029479
v -0.685562 1.079814 -0.043451
v -0.725627 1.044834 0.104515
v -0.731390 1.043241 0.081227
v -0.734288 1.040527 0.108100
v -0.740584 1.038786 0.082661
v -0.728938 1.051777 0.104859
v -0.734701 1.050184 0.081572
v -0.737599 1.047469 0.108444
v -0.743894 1.045729 0.083005
v -0.606130 1.106432 0.011381
v -0.589166 1.113758 0.026764
v -0.584336 1.112457 0.099446
v -0.587646 1.119400 0.099790
v -0.576697 1.117205 0.077149
v -0.623546 1.092388 0.127119
v -0.626857 1.099331 0.127463
v -0.645231 1.082128 0.125517
v -0.648541 1.089071 0.125861
v -0.580008 1.124148 0.077493
v -0.609440 1.113375 0.011725
v -0.592477 1.120701 0.027108
v -0.671169 1.074957 0.020704
v -0.653047 1.084233 0.007914
v -0.674480 1.081900 0.021049
v -0.656357 1.091176 0.008259
v -0.681933 1.066278 0.092234
v -0.687696 1.064685 0.068947
v -0.685244 1.073220 0.092579
v -0.691007 1.071627 0.069291
v -0.733163 1.163903 0.098816
v -0.717166 1.171473 0.099998
v -0.703795 1.178316 0.090562
v -0.698160 1.181819 0.074112
v -0.702412 1.180644 0.056932
v -0.714927 1.175239 0.045583
v -0.730925 1.167670 0.044401
v -0.744295 1.160826 0.053837
v -0.749930 1.157323 0.070287
v -0.745679 1.158499 0.087467
v -0.736377 1.166807 0.095345
v -0.718819 1.174940 0.100170
v -0.705448 1.181783 0.090734
v -0.699813 1.185286 0.074284
v -0.704065 1.184111 0.057103
v -0.716580 1.178706 0.045755
v -0.732578 1.171136 0.044573
v -0.745948 1.164293 0.054009
v -0.751583 1.160790 0.070459
v -0.743737 1.163632 0.088609
v -0.731064 1.177750 0.079703
v -0.730310 1.168734 0.087323
v -0.721291 1.173002 0.087989
v -0.726843 1.179747 0.080015
v -0.713753 1.176860 0.082669
v -0.723315 1.181553 0.077525
v -0.710575 1.178835 0.073395
v -0.721827 1.182477 0.073184
v -0.712972 1.178172 0.063708
v -0.722949 1.182167 0.068650
v -0.720028 1.175125 0.057310
v -0.726252 1.180741 0.065656
v -0.729048 1.170857 0.056643
v -0.730473 1.178743 0.065344
v -0.736586 1.166999 0.061964
v -0.734001 1.176938 0.067834
v -0.739764 1.165024 0.071238
v -0.735488 1.176013 0.072174
v -0.737366 1.165686 0.080924
v -0.734366 1.176324 0.076708
v -0.731330 1.168100 0.090300
v -0.734102 1.168054 0.092069
v -0.720740 1.174409 0.092406
v -0.720521 1.173214 0.091098
v -0.711104 1.179340 0.085605
v -0.711488 1.177838 0.084723
v -0.707043 1.181865 0.073750
v -0.707680 1.180205 0.073609
v -0.710107 1.181018 0.061368
v -0.710553 1.179410 0.062001
v -0.719127 1.177123 0.053189
v -0.719009 1.175759 0.054333
v -0.730656 1.171667 0.052337
v -0.729818 1.170644 0.053534
v -0.740292 1.166736 0.059138
v -0.738851 1.166021 0.059910
v -0.744353 1.164211 0.070993
v -0.742659 1.163654 0.071024
v -0.741375 1.164913 0.085473
v -0.739786 1.164448 0.082632
v -0.747332 1.161965 0.087639
v -0.734817 1.167370 0.098988
v -0.741289 1.165058 0.083375
v -0.732270 1.168953 0.091554
v -0.745000 1.166282 0.088740
v -0.737641 1.169457 0.095476
v -0.742639 1.167563 0.085605
v -0.735366 1.170704 0.092200
v -0.744062 1.166712 0.089083
v -0.738129 1.169272 0.094513
v -0.742159 1.167745 0.086555
v -0.736296 1.170277 0.091872
v -0.744566 1.167768 0.089135
v -0.738633 1.170328 0.094565
v -0.742662 1.168801 0.086607
v -0.736799 1.171333 0.091924
v -0.745645 1.167273 0.088742
v -0.738071 1.170541 0.095673
v -0.743215 1.168592 0.085515
v -0.735730 1.171824 0.092302
v -0.746618 1.169316 0.088843
v -0.739045 1.172583 0.095774
v -0.744189 1.170634 0.085616
v -0.736704 1.173866 0.092403
v -0.579821 0.978135 0.030780
v -0.579638 0.983352 0.024962
v -0.573932 0.980678 0.036121
v -0.570922 0.987116 0.032867
v -0.571931 0.981231 0.044206
v -0.567960 0.987935 0.044833
v -0.574583 0.979583 0.051947
v -0.571885 0.985495 0.056291
v -0.580875 0.976363 0.056388
v -0.581198 0.980729 0.062863
v -0.588403 0.972800 0.055831
v -0.592340 0.975457 0.062040
v -0.594293 0.970257 0.050491
v -0.601057 0.971692 0.054135
v -0.596294 0.969704 0.042406
v -0.604019 0.970873 0.042169
v -0.593642 0.971352 0.034664
v -0.600094 0.973313 0.030711
v -0.587350 0.974573 0.030224
v -0.590781 0.978080 0.024139
v -0.577761 0.979415 0.024767
v -0.569044 0.983180 0.032672
v -0.566083 0.983999 0.044638
v -0.570008 0.981559 0.056096
v -0.579321 0.976792 0.062668
v -0.590463 0.971520 0.061845
v -0.599180 0.967756 0.053940
v -0.602142 0.966937 0.041974
v -0.598217 0.969377 0.030516
v -0.588904 0.974143 0.023944
v -0.579157 0.976742 0.030711
v -0.573268 0.979286 0.036052
v -0.571267 0.979839 0.044137
v -0.573919 0.978190 0.051878
v -0.580211 0.974970 0.056319
v -0.587739 0.971408 0.055762
v -0.593629 0.968864 0.050422
v -0.595630 0.968311 0.042337
v -0.592978 0.969960 0.034595
v -0.586686 0.973180 0.030155
v -0.579720 0.962413 0.036139
v -0.582866 0.960803 0.038359
v -0.584193 0.959979 0.042230
v -0.583192 0.960255 0.046274
v -0.580247 0.961527 0.048944
v -0.576482 0.963308 0.049222
v -0.573336 0.964919 0.047002
v -0.572010 0.965743 0.043131
v -0.573010 0.965467 0.039088
v -0.575955 0.964195 0.036417
v -0.577323 0.967062 0.036559
v -0.574377 0.968334 0.039230
v -0.573377 0.968611 0.043273
v -0.574703 0.967786 0.047144
v -0.577849 0.966176 0.049365
v -0.581614 0.964395 0.049086
v -0.584559 0.963123 0.046416
v -0.585560 0.962846 0.042373
v -0.584234 0.963670 0.038502
v -0.581087 0.965281 0.036281
v -0.575888 0.967954 0.032372
v -0.576913 0.972035 0.030478
v -0.571023 0.974579 0.035818
v -0.570974 0.970076 0.036828
v -0.569023 0.975132 0.043903
v -0.569304 0.970538 0.043574
v -0.571675 0.973483 0.051645
v -0.571517 0.969162 0.050033
v -0.577966 0.970263 0.056085
v -0.576767 0.966475 0.053738
v -0.585495 0.966701 0.055529
v -0.583049 0.963503 0.053274
v -0.591384 0.964157 0.050188
v -0.587963 0.961381 0.048818
v -0.593385 0.963604 0.042103
v -0.589633 0.960919 0.042072
v -0.590733 0.965253 0.034362
v -0.587420 0.962295 0.035613
v -0.584441 0.968473 0.029921
v -0.582170 0.964982 0.031907
v -0.585896 0.959173 0.042105
v -0.584199 0.960228 0.037151
v -0.576029 0.963434 0.051051
v -0.580847 0.961154 0.050696
v -0.572003 0.965494 0.048210
v -0.584615 0.959527 0.047278
v -0.571587 0.966195 0.038083
v -0.570306 0.966549 0.043257
v -0.580173 0.962288 0.034310
v -0.575355 0.964568 0.034666
v -0.572678 0.962133 0.042853
v -0.573579 0.961572 0.045485
v -0.577920 0.959869 0.038099
v -0.575361 0.961080 0.038289
v -0.575719 0.960477 0.046995
v -0.580059 0.958774 0.039609
v -0.578278 0.959266 0.046806
v -0.573358 0.961945 0.040104
v -0.580281 0.958401 0.044990
v -0.580961 0.958213 0.042241
v -0.569025 0.963861 0.043123
v -0.570722 0.962806 0.048077
v -0.578891 0.959600 0.034176
v -0.574074 0.961880 0.034532
v -0.574748 0.960746 0.050918
v -0.582917 0.957540 0.037018
v -0.579565 0.958466 0.050562
v -0.570305 0.963507 0.037950
v -0.583334 0.956839 0.047145
v -0.584614 0.956485 0.041971
v -0.533747 0.880488 0.038805
v -0.534649 0.879927 0.041437
v -0.538989 0.878224 0.034051
v -0.536430 0.879435 0.034240
v -0.536788 0.878832 0.042946
v -0.541129 0.877129 0.035560
v -0.539348 0.877621 0.042757
v -0.534427 0.880300 0.036056
v -0.541350 0.876756 0.040941
v -0.542030 0.876568 0.038192
v -0.543565 0.869683 0.037653
v -0.542239 0.870049 0.043011
v -0.528746 0.876956 0.033488
v -0.538336 0.871735 0.046550
v -0.541808 0.870775 0.032523
v -0.533347 0.874096 0.046919
v -0.532649 0.875270 0.029948
v -0.537638 0.872909 0.029580
v -0.529177 0.876230 0.043976
v -0.527420 0.877322 0.038846
v -0.524956 0.875537 0.038824
v -0.527000 0.874267 0.044790
v -0.536840 0.870405 0.028047
v -0.531037 0.873150 0.028476
v -0.531849 0.871785 0.048212
v -0.541689 0.867923 0.031470
v -0.537652 0.869039 0.047784
v -0.526498 0.875111 0.032592
v -0.542191 0.867079 0.043667
v -0.543733 0.866652 0.037436
v -0.528237 0.869503 0.038271
v -0.529187 0.868912 0.041044
v -0.533761 0.867117 0.033262
v -0.531063 0.868393 0.033461
v -0.531441 0.867759 0.042635
v -0.536015 0.865963 0.034853
v -0.534138 0.866482 0.042436
v -0.528953 0.869305 0.035374
v -0.536248 0.865571 0.040523
v -0.536965 0.865373 0.037626
v -0.528920 0.862341 0.037747
v -0.529142 0.862203 0.038396
v -0.530211 0.861783 0.036576
v -0.529581 0.862081 0.036623
v -0.529669 0.861933 0.038767
v -0.530738 0.861513 0.036948
v -0.530299 0.861635 0.038721
v -0.529087 0.862294 0.037070
v -0.530793 0.861422 0.038274
v -0.530960 0.861375 0.037596
v -0.579740 0.975819 0.032992
v -0.574933 0.977895 0.037351
v -0.573299 0.978347 0.043950
v -0.575464 0.977001 0.050268
v -0.580600 0.974373 0.053893
v -0.586744 0.971465 0.053439
v -0.591551 0.969389 0.049080
v -0.593185 0.968938 0.042481
v -0.591020 0.970283 0.036162
v -0.585884 0.972912 0.032538
v -0.577908 0.971978 0.032801
v -0.573101 0.974054 0.037160
v -0.571468 0.974505 0.043759
v -0.573632 0.973160 0.050078
v -0.578768 0.970531 0.053702
v -0.584912 0.967624 0.053248
v -0.589720 0.965548 0.048889
v -0.591353 0.965096 0.042290
v -0.589188 0.966442 0.035972
v -0.584053 0.969070 0.032347
v -0.527961 0.881839 0.039136
v -0.529690 0.882407 0.039104
v -0.531475 0.881298 0.044314
v -0.530005 0.880568 0.045102
v -0.539845 0.876707 0.028360
v -0.540068 0.877926 0.029694
v -0.535001 0.880323 0.030068
v -0.534042 0.879452 0.028789
v -0.535710 0.879130 0.047303
v -0.534854 0.878086 0.048525
v -0.544694 0.874225 0.031782
v -0.544302 0.875758 0.032683
v -0.540777 0.876733 0.046929
v -0.540657 0.875341 0.048096
v -0.529503 0.881413 0.032905
v -0.531037 0.882035 0.033663
v -0.544741 0.875021 0.043334
v -0.545196 0.873381 0.043980
v -0.546087 0.874649 0.037893
v -0.546738 0.872954 0.037749
v -0.530823 0.879682 0.044147
v -0.529066 0.880775 0.039017
v -0.534295 0.878722 0.030120
v -0.539284 0.876362 0.029751
v -0.534993 0.877548 0.047090
v -0.543454 0.874228 0.032694
v -0.539982 0.875187 0.046721
v -0.530392 0.880408 0.033659
v -0.543885 0.873502 0.043182
v -0.545211 0.873135 0.037824
v -0.529730 0.870934 0.035455
v -0.531840 0.870022 0.033542
v -0.534915 0.868111 0.042517
v -0.532218 0.869388 0.042716
v -0.534537 0.868746 0.033342
v -0.537742 0.867002 0.037707
v -0.537025 0.867200 0.040603
v -0.529013 0.871132 0.038352
v -0.529963 0.870541 0.041125
v -0.536792 0.867592 0.034933
v -0.527573 0.862978 0.037847
v -0.528088 0.862658 0.039351
v -0.530569 0.861684 0.035130
v -0.529106 0.862376 0.035238
v -0.529311 0.862032 0.040214
v -0.531792 0.861058 0.035993
v -0.530774 0.861340 0.040106
v -0.527962 0.862870 0.036276
v -0.531918 0.860846 0.039068
v -0.532307 0.860738 0.037497
v -0.522262 0.848378 0.037055
v -0.522484 0.848240 0.037703
v -0.523554 0.847820 0.035884
v -0.522923 0.848119 0.035930
v -0.523011 0.847970 0.038075
v -0.524081 0.847551 0.036256
v -0.523642 0.847672 0.038028
v -0.522430 0.848332 0.036378
v -0.524135 0.847459 0.037581
v -0.524303 0.847412 0.036904
v -0.600854 1.145240 0.035068
v -0.594944 1.142842 0.032148
v -0.623522 1.130500 0.006234
v -0.627215 1.133856 0.011164
v -0.591898 1.147716 0.071257
v -0.585235 1.145526 0.071380
v -0.603768 1.140337 0.105907
v -0.598103 1.137527 0.108943
v -0.631931 1.125923 0.125783
v -0.628634 1.121901 0.130490
v -0.665628 1.109978 0.123293
v -0.671490 1.093984 0.118897
v -0.691990 1.098594 0.099388
v -0.681169 1.089804 0.110120
v -0.700946 1.096118 0.063200
v -0.703451 1.089590 0.062645
v -0.689075 1.103497 0.028550
v -0.690583 1.097589 0.025082
v -0.660913 1.117911 0.008674
v -0.660052 1.113215 0.003534
v -0.699671 1.255626 0.083760
v -0.707829 1.243555 0.068285
v -0.704060 1.245270 0.069942
v -0.719388 1.233457 0.060286
v -0.701463 1.252992 0.087752
v -0.704407 1.245174 0.068538
v -0.705430 1.244733 0.067611
v -0.721180 1.230823 0.064279
v -0.702869 1.253830 0.088143
v -0.722587 1.231661 0.064669
v -0.704661 1.251197 0.092135
v -0.724378 1.229028 0.068661
v -0.689752 1.261193 0.070171
v -0.709469 1.239024 0.046697
v -0.691544 1.258560 0.074163
v -0.711261 1.236391 0.050689
v -0.692951 1.259398 0.074554
v -0.712668 1.237229 0.051080
v -0.694743 1.256764 0.078546
v -0.714460 1.234595 0.055072
v -0.706737 1.244114 0.067514
v -0.705613 1.244425 0.072057
v -0.706920 1.243807 0.071960
v -0.707942 1.243365 0.071033
v -0.708290 1.243269 0.069629
v -0.704520 1.244984 0.071286
v -0.716114 1.241543 0.080809
v -0.715067 1.241998 0.081703
v -0.698220 1.251158 0.058969
v -0.699267 1.250703 0.058075
v -0.698275 1.248622 0.057971
v -0.715122 1.239462 0.080706
v -0.697228 1.249077 0.058866
v -0.714075 1.239917 0.081600
v -0.682120 1.124202 0.129538
v -0.670804 1.129580 0.128412
v -0.660905 1.133906 0.134858
v -0.656205 1.135527 0.146413
v -0.658498 1.133825 0.158664
v -0.666909 1.129449 0.166931
v -0.678225 1.124071 0.168057
v -0.688124 1.119745 0.161611
v -0.692825 1.118123 0.150056
v -0.690531 1.119825 0.137805
v -0.681435 1.120147 0.131979
v -0.669164 1.126107 0.128244
v -0.659266 1.130433 0.134690
v -0.654565 1.132054 0.146245
v -0.656858 1.130352 0.158496
v -0.665269 1.125976 0.166763
v -0.676585 1.120597 0.167889
v -0.686484 1.116271 0.161444
v -0.691185 1.114650 0.149888
v -0.686378 1.117572 0.136885
v -0.674621 1.121127 0.142087
v -0.680815 1.127513 0.135721
v -0.673170 1.131147 0.134960
v -0.671043 1.122828 0.141731
v -0.666482 1.134070 0.139315
v -0.667913 1.124196 0.143769
v -0.663306 1.135166 0.147123
v -0.666426 1.124709 0.147423
v -0.664855 1.134015 0.155400
v -0.667151 1.124170 0.151297
v -0.670538 1.131059 0.160986
v -0.669811 1.122786 0.153911
v -0.678184 1.127425 0.161747
v -0.673389 1.121086 0.154267
v -0.684872 1.124502 0.157392
v -0.676520 1.119718 0.152229
v -0.688048 1.123407 0.149584
v -0.678006 1.119205 0.148575
v -0.686498 1.124557 0.141307
v -0.677281 1.119743 0.144701
v -0.678538 1.122690 0.135488
v -0.679680 1.120856 0.134260
v -0.670201 1.125337 0.133781
v -0.670892 1.126324 0.134727
v -0.663067 1.128455 0.138426
v -0.664204 1.129247 0.139082
v -0.659679 1.129624 0.146754
v -0.661029 1.130342 0.146889
v -0.661332 1.128397 0.155583
v -0.662578 1.129192 0.155167
v -0.667394 1.125243 0.161541
v -0.668261 1.126235 0.160753
v -0.675549 1.121367 0.162353
v -0.675906 1.122602 0.161513
v -0.682683 1.118249 0.157707
v -0.682594 1.119679 0.157158
v -0.686071 1.117080 0.149379
v -0.685770 1.118583 0.149351
v -0.684568 1.118312 0.139065
v -0.684221 1.119733 0.141074
v -0.688891 1.116352 0.137637
v -0.680480 1.120728 0.129370
v -0.684418 1.118307 0.140550
v -0.678356 1.121461 0.134592
v -0.685957 1.116662 0.136843
v -0.681013 1.119237 0.131938
v -0.684147 1.117403 0.139023
v -0.679259 1.119946 0.134218
v -0.685305 1.116982 0.136584
v -0.681320 1.119058 0.132629
v -0.683846 1.117579 0.138341
v -0.679905 1.119629 0.134468
v -0.684806 1.115924 0.136533
v -0.680820 1.118000 0.132578
v -0.683346 1.116521 0.138290
v -0.679406 1.118571 0.134416
v -0.685555 1.115557 0.136831
v -0.680468 1.118206 0.131783
v -0.683692 1.116318 0.139074
v -0.678662 1.118935 0.134130
v -0.684926 1.114235 0.136774
v -0.679839 1.116885 0.131726
v -0.683063 1.114997 0.139017
v -0.678033 1.117614 0.134072
v -0.584530 0.970072 0.032397
v -0.578386 0.972980 0.032851
v -0.573579 0.975056 0.037210
v -0.571945 0.975507 0.043809
v -0.574110 0.974162 0.050128
v -0.579246 0.971533 0.053752
v -0.585390 0.968626 0.053298
v -0.590197 0.966550 0.048939
v -0.591831 0.966098 0.042340
v -0.589666 0.967444 0.036021
v -0.581246 0.946266 0.088573
v -0.581477 0.946202 0.087640
v -0.583826 0.944999 0.089298
v -0.583147 0.945293 0.089914
v -0.582156 0.945908 0.087024
v -0.583025 0.945497 0.086960
v -0.582278 0.945704 0.089979
v -0.581552 0.946075 0.089466
v -0.584057 0.944935 0.088365
v -0.583751 0.945126 0.087472
v -0.580637 0.944988 0.088510
v -0.583217 0.943721 0.089235
v -0.581547 0.944630 0.086960
v -0.583448 0.943658 0.088302
v -0.580867 0.944924 0.087577
v -0.582537 0.944015 0.089851
v -0.582416 0.944219 0.086896
v -0.581669 0.944426 0.089915
v -0.580943 0.944797 0.089403
v -0.583142 0.943848 0.087409
v -0.524603 0.848645 0.036310
v -0.524825 0.848507 0.036958
v -0.524657 0.848554 0.037635
v -0.524164 0.848767 0.038083
v -0.524076 0.848915 0.035938
v -0.523006 0.849335 0.037757
v -0.522784 0.849473 0.037109
v -0.522952 0.849426 0.036432
v -0.523445 0.849213 0.035985
v -0.523533 0.849065 0.038129
v -0.521564 0.848708 0.037106
v -0.521938 0.848476 0.038198
v -0.523739 0.847769 0.035134
v -0.522677 0.848271 0.035213
v -0.522826 0.848021 0.038824
v -0.524626 0.847315 0.035761
v -0.523888 0.847519 0.038746
v -0.521847 0.848630 0.035966
v -0.524718 0.847160 0.037993
v -0.525001 0.847082 0.036852
v -0.521429 0.845960 0.036922
v -0.521594 0.845857 0.037404
v -0.522390 0.845545 0.036050
v -0.521921 0.845767 0.036085
v -0.521987 0.845656 0.037681
v -0.522782 0.845344 0.036327
v -0.522456 0.845434 0.037646
v -0.521554 0.845925 0.036418
v -0.522823 0.845276 0.037313
v -0.522948 0.845241 0.036809
v -0.532905 0.880886 0.038867
v -0.533990 0.880212 0.042034
v -0.533723 0.880660 0.035559
v -0.536564 0.878894 0.043851
v -0.541788 0.876844 0.034963
v -0.539213 0.878162 0.033146
v -0.536133 0.879619 0.033373
v -0.539645 0.877437 0.043624
v -0.542873 0.876170 0.038130
v -0.542054 0.876396 0.041438
v -0.536602 1.130233 0.102349
v -0.537868 1.134549 0.100758
v -0.534853 1.130988 0.103935
v -0.535279 1.135668 0.103106
v -0.534259 1.131152 0.106336
v -0.534399 1.135911 0.106660
v -0.535047 1.130663 0.108636
v -0.535565 1.135186 0.110063
v -0.536915 1.129706 0.109954
v -0.538331 1.133770 0.112015
v -0.539151 1.128648 0.109789
v -0.541640 1.132204 0.111770
v -0.540901 1.127893 0.108203
v -0.544229 1.131086 0.109423
v -0.541495 1.127728 0.105802
v -0.545109 1.130843 0.105868
v -0.540707 1.128218 0.103502
v -0.543943 1.131568 0.102465
v -0.538838 1.129174 0.102183
v -0.541177 1.132984 0.100513
v -0.535991 1.130613 0.100563
v -0.533401 1.131731 0.102910
v -0.532522 1.131974 0.106465
v -0.533688 1.131249 0.109868
v -0.536454 1.129834 0.111820
v -0.539763 1.128268 0.111575
v -0.542352 1.127150 0.109227
v -0.543232 1.126907 0.105673
v -0.542066 1.127631 0.102270
v -0.539300 1.129047 0.100318
v -0.535938 1.128840 0.102280
v -0.534189 1.129595 0.103866
v -0.533595 1.129760 0.106267
v -0.534382 1.129270 0.108566
v -0.536251 1.128313 0.109885
v -0.538487 1.127255 0.109720
v -0.540237 1.126500 0.108134
v -0.540831 1.126336 0.105733
v -0.540043 1.126825 0.103433
v -0.538174 1.127782 0.102114
v -0.536375 1.124956 0.103583
v -0.537467 1.124397 0.104354
v -0.537928 1.124111 0.105698
v -0.537580 1.124207 0.107102
v -0.536558 1.124648 0.108029
v -0.535251 1.125267 0.108125
v -0.534158 1.125826 0.107355
v -0.533698 1.126112 0.106011
v -0.534045 1.126016 0.104607
v -0.535068 1.125574 0.103680
v -0.529706 1.110971 0.102890
v -0.528399 1.111590 0.102986
v -0.530912 1.110222 0.106408
v -0.531259 1.110126 0.105004
v -0.530799 1.110412 0.103660
v -0.529889 1.110664 0.107335
v -0.527490 1.111841 0.106661
v -0.528582 1.111282 0.107432
v -0.527377 1.112031 0.103913
v -0.527030 1.112127 0.105317
v -0.529940 1.110907 0.101946
v -0.528090 1.111782 0.102083
v -0.531646 1.109846 0.106926
v -0.532138 1.109710 0.104940
v -0.531486 1.110115 0.103037
v -0.530199 1.110471 0.108238
v -0.526803 1.112138 0.107284
v -0.528349 1.111346 0.108375
v -0.526643 1.112407 0.103395
v -0.526151 1.112543 0.105382
v -0.528262 1.107876 0.102624
v -0.526890 1.108525 0.102725
v -0.529527 1.107090 0.106317
v -0.529892 1.106989 0.104844
v -0.529409 1.107289 0.103433
v -0.528454 1.107553 0.107290
v -0.525936 1.108789 0.106582
v -0.527082 1.108202 0.107392
v -0.525817 1.108989 0.103698
v -0.525452 1.109089 0.105172
v -0.528046 1.107936 0.103498
v -0.527177 1.108347 0.103562
v -0.528847 1.107438 0.105837
v -0.529078 1.107374 0.104904
v -0.528772 1.107564 0.104011
v -0.528167 1.107731 0.106453
v -0.526573 1.108514 0.106005
v -0.527299 1.108142 0.106517
v -0.526497 1.108640 0.104179
v -0.526267 1.108704 0.105111
v -0.526766 1.105253 0.103365
v -0.525898 1.105664 0.103429
v -0.527568 1.104755 0.105704
v -0.527798 1.104691 0.104771
v -0.527492 1.104881 0.103877
v -0.526888 1.105048 0.106320
v -0.525293 1.105831 0.105872
v -0.526019 1.105459 0.106384
v -0.525218 1.105957 0.104046
v -0.524987 1.106021 0.104978
v -0.525390 1.106865 0.105020
v -0.525621 1.106802 0.104087
v -0.527970 1.105599 0.105745
v -0.527291 1.105893 0.106362
v -0.526300 1.106508 0.103471
v -0.527169 1.106097 0.103407
v -0.526422 1.106304 0.106426
v -0.525696 1.106675 0.105914
v -0.528201 1.105535 0.104813
v -0.527895 1.105726 0.103919
v -0.525099 1.106256 0.104990
v -0.527680 1.104990 0.105715
v -0.526010 1.105899 0.103441
v -0.527911 1.104926 0.104782
v -0.525330 1.106192 0.104057
v -0.527000 1.105283 0.106332
v -0.526879 1.105488 0.103377
v -0.526131 1.105694 0.106396
v -0.525405 1.106066 0.105883
v -0.527605 1.105116 0.103889
v -0.564273 1.121586 0.108263
v -0.567584 1.128529 0.108607
v -0.559945 1.133277 0.086310
v -0.556634 1.126334 0.085966
v -0.571934 1.117631 0.069996
v -0.584802 1.109632 0.107559
v -0.615333 1.094006 0.129107
v -0.651864 1.076721 0.126407
v -0.680442 1.064380 0.100493
v -0.690150 1.061696 0.061261
v -0.677282 1.069695 0.023698
v -0.646752 1.085321 0.002151
v -0.610221 1.102606 0.004850
v -0.581643 1.114947 0.030765
v -0.590192 0.969303 0.087434
v -0.591941 0.968548 0.085847
v -0.596046 0.966533 0.087001
v -0.596834 0.966043 0.089300
v -0.594490 0.966963 0.093288
v -0.592254 0.968021 0.093453
v -0.589598 0.969467 0.089835
v -0.594177 0.967490 0.085682
v -0.596239 0.966208 0.091702
v -0.590385 0.968978 0.092134
v -0.583693 0.962537 0.038445
v -0.585019 0.961712 0.042316
v -0.572836 0.967477 0.043217
v -0.584019 0.961989 0.046360
v -0.574162 0.966653 0.047088
v -0.580547 0.964147 0.036225
v -0.573837 0.967200 0.039174
v -0.576782 0.965928 0.036503
v -0.577309 0.965042 0.049308
v -0.581074 0.963261 0.049030
v -0.611919 0.950182 0.061970
v -0.611452 0.949204 0.061922
v -0.612704 0.949694 0.064264
v -0.612238 0.948716 0.064216
v -0.605019 0.952132 0.064749
v -0.605485 0.953110 0.064798
v -0.612111 0.949858 0.066660
v -0.611645 0.948880 0.066611
v -0.606271 0.952621 0.067091
v -0.605805 0.951643 0.067043
v -0.609588 0.950159 0.060606
v -0.610054 0.951137 0.060654
v -0.606078 0.952946 0.062402
v -0.605612 0.951968 0.062353
v -0.607823 0.952192 0.060819
v -0.607357 0.951214 0.060771
v -0.608135 0.951667 0.068407
v -0.607669 0.950689 0.068359
v -0.609900 0.949634 0.068194
v -0.610366 0.950612 0.068242
v -0.582945 0.903094 0.064422
v -0.582354 0.901854 0.064361
v -0.581636 0.902301 0.062262
v -0.582227 0.903540 0.062324
v -0.582769 0.903391 0.060132
v -0.582178 0.902151 0.060071
v -0.583774 0.901462 0.058624
v -0.584365 0.902701 0.058685
v -0.586691 0.901255 0.065475
v -0.586100 0.900016 0.065413
v -0.584060 0.900982 0.065564
v -0.584651 0.902221 0.065626
v -0.585815 0.900496 0.058473
v -0.586406 0.901736 0.058534
v -0.588830 0.900416 0.061836
v -0.588239 0.899177 0.061774
v -0.587697 0.899327 0.063966
v -0.588288 0.900566 0.064027
v -0.588111 0.900863 0.059738
v -0.587520 0.899624 0.059676
v -0.726493 1.045256 0.087683
v -0.723904 1.046374 0.090031
v -0.723024 1.046617 0.093585
v -0.724190 1.045893 0.096988
v -0.726956 1.044477 0.098940
v -0.730266 1.042911 0.098696
v -0.732855 1.041793 0.096348
v -0.733734 1.041550 0.092794
v -0.732569 1.042274 0.089391
v -0.729803 1.043690 0.087439
v -0.725661 1.043511 0.087597
v -0.723072 1.044629 0.089945
v -0.722192 1.044872 0.093499
v -0.723358 1.044147 0.096902
v -0.726124 1.042732 0.098854
v -0.729434 1.041165 0.098609
v -0.732023 1.040047 0.096262
v -0.732902 1.039804 0.092707
v -0.731736 1.040529 0.089304
v -0.728970 1.041945 0.087352
v -0.726124 1.043223 0.088949
v -0.724171 1.044066 0.090720
v -0.723508 1.044250 0.093402
v -0.724387 1.043703 0.095969
v -0.726474 1.042635 0.097441
v -0.728970 1.041454 0.097257
v -0.730923 1.040610 0.095486
v -0.731587 1.040427 0.092805
v -0.730708 1.040973 0.090237
v -0.728621 1.042041 0.088765
v -0.725505 1.041924 0.088885
v -0.723552 1.042768 0.090656
v -0.722888 1.042951 0.093337
v -0.723768 1.042404 0.095904
v -0.725854 1.041336 0.097377
v -0.728351 1.040155 0.097193
v -0.730304 1.039312 0.095421
v -0.730968 1.039128 0.092740
v -0.730088 1.039675 0.090173
v -0.728002 1.040743 0.088700
v -0.724693 1.042429 0.086514
v -0.721625 1.043754 0.089296
v -0.720583 1.044042 0.093508
v -0.721964 1.043183 0.097540
v -0.725242 1.041506 0.099853
v -0.729163 1.039650 0.099563
v -0.732231 1.038325 0.096781
v -0.733273 1.038037 0.092570
v -0.731892 1.038896 0.088537
v -0.728614 1.040573 0.086224
v -0.723886 1.040085 0.087106
v -0.721148 1.041268 0.089589
v -0.720218 1.041525 0.093348
v -0.721451 1.040759 0.096948
v -0.724376 1.039261 0.099013
v -0.727877 1.037605 0.098754
v -0.730615 1.036422 0.096271
v -0.731546 1.036165 0.092511
v -0.730313 1.036932 0.088912
v -0.727387 1.038429 0.086847
v -0.724602 1.039641 0.089194
v -0.722846 1.040399 0.090787
v -0.722249 1.040564 0.093198
v -0.723040 1.040072 0.095507
v -0.724916 1.039112 0.096831
v -0.727161 1.038050 0.096665
v -0.728918 1.037291 0.095073
v -0.729515 1.037126 0.092661
v -0.728724 1.037618 0.090353
v -0.726847 1.038578 0.089028
v -0.723881 1.038130 0.089119
v -0.722125 1.038888 0.090712
v -0.721528 1.039053 0.093123
v -0.722319 1.038561 0.095432
v -0.724196 1.037601 0.096756
v -0.726441 1.036539 0.096590
v -0.728197 1.035780 0.094998
v -0.728794 1.035615 0.092586
v -0.728003 1.036107 0.090278
v -0.726127 1.037067 0.088954
v -0.724330 1.037851 0.090429
v -0.723189 1.038343 0.091463
v -0.722802 1.038451 0.093029
v -0.723315 1.038131 0.094529
v -0.724534 1.037507 0.095389
v -0.725992 1.036817 0.095281
v -0.727133 1.036325 0.094247
v -0.727521 1.036218 0.092681
v -0.727007 1.036537 0.091181
v -0.725788 1.037161 0.090321
v -0.723134 1.035343 0.090304
v -0.721993 1.035836 0.091339
v -0.721606 1.035943 0.092905
v -0.722119 1.035623 0.094404
v -0.723338 1.034999 0.095265
v -0.724797 1.034310 0.095157
v -0.725937 1.033817 0.094122
v -0.726325 1.033710 0.092556
v -0.725811 1.034029 0.091057
v -0.724593 1.034653 0.090196
v -0.729360 1.166740 0.087224
v -0.720340 1.171008 0.087891
v -0.712802 1.174866 0.082570
v -0.709625 1.176841 0.073296
v -0.712022 1.176179 0.063609
v -0.719078 1.173131 0.057211
v -0.728098 1.168864 0.056545
v -0.735636 1.165005 0.061865
v -0.738813 1.163031 0.071139
v -0.736416 1.163693 0.080826
v -0.719571 1.171221 0.091000
v -0.730380 1.166107 0.090201
v -0.710537 1.175844 0.084624
v -0.706730 1.178211 0.073510
v -0.709603 1.177417 0.061902
v -0.718058 1.173765 0.054234
v -0.728867 1.168651 0.053436
v -0.737901 1.164027 0.059811
v -0.741708 1.161661 0.070925
v -0.738835 1.162455 0.082533
v -0.729804 1.052199 0.088028
v -0.733113 1.050633 0.087783
v -0.735879 1.049217 0.089735
v -0.737045 1.048492 0.093138
v -0.736165 1.048736 0.096692
v -0.733576 1.049854 0.099040
v -0.730267 1.051420 0.099285
v -0.727501 1.052835 0.097333
v -0.726335 1.053560 0.093930
v -0.727215 1.053317 0.090375
v -0.733481 1.059910 0.088410
v -0.736790 1.058344 0.088165
v -0.739556 1.056929 0.090118
v -0.740722 1.056204 0.093521
v -0.739842 1.056447 0.097075
v -0.737253 1.057565 0.099423
v -0.733944 1.059131 0.099667
v -0.731178 1.060547 0.097715
v -0.730012 1.061271 0.094312
v -0.730892 1.061028 0.090758
v -0.733944 1.059622 0.089762
v -0.736441 1.058441 0.089578
v -0.738527 1.057373 0.091051
v -0.739407 1.056826 0.093618
v -0.738743 1.057010 0.096299
v -0.736790 1.057853 0.098070
v -0.734293 1.059034 0.098255
v -0.732207 1.060102 0.096782
v -0.731327 1.060649 0.094215
v -0.731991 1.060466 0.091534
v -0.734563 1.060921 0.089827
v -0.737060 1.059739 0.089642
v -0.739146 1.058671 0.091115
v -0.740026 1.058125 0.093682
v -0.739362 1.058308 0.096363
v -0.737409 1.059152 0.098135
v -0.734913 1.060333 0.098319
v -0.732826 1.061401 0.096846
v -0.731946 1.061948 0.094279
v -0.732610 1.061764 0.091598
v -0.733751 1.061426 0.087456
v -0.737673 1.059570 0.087166
v -0.740950 1.057892 0.089479
v -0.742332 1.057034 0.093512
v -0.741289 1.057322 0.097723
v -0.738222 1.058647 0.100505
v -0.734300 1.060502 0.100795
v -0.731022 1.062180 0.098482
v -0.729641 1.063039 0.094450
v -0.730683 1.062750 0.090238
v -0.735037 1.063471 0.088265
v -0.738538 1.061814 0.088007
v -0.741463 1.060317 0.090071
v -0.742697 1.059551 0.093671
v -0.741766 1.059808 0.097430
v -0.739028 1.060990 0.099914
v -0.735527 1.062647 0.100172
v -0.732602 1.064144 0.098108
v -0.731368 1.064911 0.094508
v -0.732299 1.064653 0.090749
v -0.735753 1.063026 0.090354
v -0.737998 1.061964 0.090188
v -0.739874 1.061003 0.091512
v -0.740665 1.060512 0.093821
v -0.740069 1.060677 0.096232
v -0.738312 1.061435 0.097825
v -0.736067 1.062497 0.097991
v -0.734191 1.063458 0.096667
v -0.733400 1.063950 0.094358
v -0.733996 1.063785 0.091947
v -0.736473 1.064537 0.090429
v -0.738719 1.063475 0.090263
v -0.740595 1.062514 0.091587
v -0.741386 1.062023 0.093896
v -0.740789 1.062188 0.096307
v -0.739033 1.062946 0.097900
v -0.736788 1.064008 0.098066
v -0.734911 1.064969 0.096742
v -0.734120 1.065461 0.094433
v -0.734717 1.065296 0.092022
v -0.736922 1.064258 0.091738
v -0.738380 1.063568 0.091630
v -0.739599 1.062944 0.092491
v -0.740113 1.062625 0.093990
v -0.739725 1.062732 0.095556
v -0.738584 1.063225 0.096591
v -0.737126 1.063915 0.096699
v -0.735907 1.064539 0.095838
v -0.735393 1.064858 0.094339
v -0.735781 1.064751 0.092773
v -0.738118 1.066766 0.091862
v -0.739576 1.066076 0.091755
v -0.740795 1.065452 0.092615
v -0.741309 1.065133 0.094114
v -0.740921 1.065240 0.095681
v -0.739780 1.065733 0.096715
v -0.738322 1.066423 0.096823
v -0.737103 1.067047 0.095963
v -0.736589 1.067366 0.094463
v -0.736977 1.067259 0.092897
v -0.688938 1.077756 -0.034403
v -0.692248 1.076190 -0.034648
v -0.695013 1.074774 -0.032696
v -0.696179 1.074050 -0.029293
v -0.695300 1.074293 -0.025739
v -0.692711 1.075411 -0.023391
v -0.689401 1.076977 -0.023146
v -0.686635 1.078393 -0.025098
v -0.685469 1.079117 -0.028501
v -0.686349 1.078874 -0.032056
v -0.690617 1.081278 -0.034229
v -0.693927 1.079712 -0.034473
v -0.696693 1.078297 -0.032521
v -0.697859 1.077572 -0.029118
v -0.696979 1.077815 -0.025564
v -0.694390 1.078933 -0.023216
v -0.691081 1.080499 -0.022972
v -0.688315 1.081915 -0.024924
v -0.687149 1.082639 -0.028327
v -0.688028 1.082396 -0.031881
v -0.646499 1.085403 0.003192
v -0.647347 1.087181 0.003280
v -0.610567 1.102405 0.005847
v -0.611415 1.104182 0.005935
v -0.582458 1.114544 0.031337
v -0.583306 1.116322 0.031425
v -0.677377 1.071811 0.024474
v -0.690034 1.063943 0.061422
v -0.680485 1.066583 0.100010
v -0.652375 1.078722 0.125500
v -0.616443 1.095724 0.128155
v -0.586413 1.111094 0.106961
v -0.573756 1.118962 0.070013
v -0.572908 1.117184 0.069925
v -0.585566 1.109317 0.106873
v -0.615596 1.093946 0.128067
v -0.651528 1.076945 0.125411
v -0.679637 1.064805 0.099922
v -0.689187 1.062165 0.061333
v -0.676529 1.070033 0.024386
v -0.567899 1.119936 0.106669
v -0.560261 1.124684 0.084372
v -0.571210 1.126879 0.107014
v -0.563571 1.131627 0.084717
v -0.570546 1.126777 0.105757
v -0.567013 1.128384 0.107310
v -0.563769 1.130989 0.085975
v -0.560235 1.132597 0.087528
v -0.557298 1.126437 0.087222
v -0.564075 1.122225 0.107005
v -0.567609 1.120617 0.105452
v -0.560832 1.124829 0.085669
v -0.779592 1.096390 0.059983
v -0.629488 1.161214 0.196099
v -0.561896 1.203227 -0.001202
v -0.753775 1.112437 -0.015379
v -0.702779 1.126535 0.190683
v -0.542417 1.208612 0.077507
v -0.692522 1.143788 -0.058609
v -0.760114 1.101774 0.138691
v -0.568235 1.192564 0.152869
v -0.619231 1.178467 -0.053193
v -0.757898 1.102931 0.137122
v -0.758634 1.104475 0.137199
v -0.570326 1.191683 0.150982
v -0.571062 1.193228 0.151059
v -0.620177 1.177902 -0.050456
v -0.620914 1.179446 -0.050379
v -0.692560 1.145546 -0.055673
v -0.545824 1.208915 0.077388
v -0.702586 1.128680 0.188024
v -0.752437 1.114899 -0.013414
v -0.564866 1.203651 0.000446
v -0.630940 1.162581 0.193318
v -0.777676 1.099211 0.060257
v -0.776939 1.097667 0.060180
v -0.630203 1.161036 0.193241
v -0.564129 1.202106 0.000369
v -0.751701 1.113354 -0.013490
v -0.701850 1.127135 0.187947
v -0.545087 1.207370 0.077312
v -0.691823 1.144001 -0.055750
v -0.583730 1.055508 -0.006662
v -0.550883 1.069694 0.023124
v -0.539723 1.072779 0.068217
v -0.554514 1.063585 0.111393
v -0.589606 1.045624 0.136159
v -0.631595 1.025756 0.133057
v -0.664443 1.011571 0.103270
v -0.675602 1.008486 0.058177
v -0.660811 1.017679 0.015002
v -0.625719 1.035640 -0.009765
v -0.553832 1.070036 0.024779
v -0.585384 1.056410 -0.003832
v -0.584689 1.054951 -0.003905
v -0.543113 1.072999 0.068093
v -0.557321 1.064168 0.109565
v -0.591028 1.046916 0.133355
v -0.631361 1.027832 0.130375
v -0.662913 1.014206 0.101763
v -0.673632 1.011243 0.058449
v -0.659425 1.020074 0.016977
v -0.625717 1.037326 -0.006813
v -0.553137 1.068577 0.024707
v -0.542417 1.071540 0.068021
v -0.556625 1.062709 0.109493
v -0.590333 1.045457 0.133283
v -0.630665 1.026373 0.130302
v -0.662217 1.012747 0.101691
v -0.672937 1.009784 0.058377
v -0.658729 1.018615 0.016905
v -0.625021 1.035867 -0.006885
v -0.691231 1.080897 -0.032438
v -0.693464 1.079840 -0.032603
v -0.695330 1.078885 -0.031285
v -0.696117 1.078396 -0.028989
v -0.695523 1.078560 -0.026591
v -0.693776 1.079315 -0.025007
v -0.691543 1.080371 -0.024842
v -0.689677 1.081326 -0.026159
v -0.688891 1.081815 -0.028455
v -0.689484 1.081651 -0.030853
v -0.691845 1.082186 -0.032374
v -0.694079 1.081129 -0.032539
v -0.695945 1.080174 -0.031222
v -0.696731 1.079685 -0.028925
v -0.696138 1.079849 -0.026527
v -0.694391 1.080603 -0.024943
v -0.692158 1.081660 -0.024778
v -0.690292 1.082615 -0.026095
v -0.689505 1.083104 -0.028392
v -0.690099 1.082940 -0.030790
v -0.693095 1.084105 -0.031517
v -0.694875 1.083263 -0.031648
v -0.696363 1.082501 -0.030598
v -0.696990 1.082112 -0.028768
v -0.696517 1.082242 -0.026857
v -0.695125 1.082844 -0.025594
v -0.693345 1.083686 -0.025462
v -0.691857 1.084448 -0.026512
v -0.691230 1.084837 -0.028343
v -0.691703 1.084706 -0.030254
v -0.693377 1.083930 -0.030696
v -0.694663 1.083322 -0.030791
v -0.695738 1.082771 -0.030032
v -0.696191 1.082490 -0.028709
v -0.695850 1.082584 -0.027328
v -0.694843 1.083019 -0.026415
v -0.693557 1.083627 -0.026320
v -0.692482 1.084178 -0.027079
v -0.692029 1.084459 -0.028402
v -0.692371 1.084365 -0.029783
v -0.695851 1.088208 -0.029496
v -0.696550 1.087877 -0.029547
v -0.697134 1.087578 -0.029135
v -0.697380 1.087425 -0.028416
v -0.697194 1.087477 -0.027666
v -0.696647 1.087713 -0.027170
v -0.695948 1.088043 -0.027118
v -0.695364 1.088342 -0.027531
v -0.695118 1.088495 -0.028249
v -0.695304 1.088444 -0.029000
v -0.700984 1.098973 -0.028962
v -0.701683 1.098642 -0.029013
v -0.702267 1.098343 -0.028601
v -0.702513 1.098190 -0.027883
v -0.702327 1.098242 -0.027132
v -0.701780 1.098478 -0.026636
v -0.701082 1.098809 -0.026585
v -0.700497 1.099108 -0.026997
v -0.700251 1.099261 -0.027715
v -0.700437 1.099209 -0.028466
v -0.561500 1.139602 -0.144396
v -0.563279 1.138760 -0.144528
v -0.564765 1.137999 -0.143479
v -0.565392 1.137610 -0.141650
v -0.564919 1.137740 -0.139739
v -0.563528 1.138341 -0.138478
v -0.561749 1.139183 -0.138346
v -0.560262 1.139944 -0.139395
v -0.559636 1.140333 -0.141224
v -0.560108 1.140203 -0.143135
v -0.564333 1.145544 -0.144102
v -0.566112 1.144702 -0.144233
v -0.567599 1.143942 -0.143184
v -0.568225 1.143552 -0.141355
v -0.567753 1.143683 -0.139445
v -0.566361 1.144284 -0.138183
v -0.564582 1.145125 -0.138052
v -0.563096 1.145886 -0.139101
v -0.562469 1.146276 -0.140930
v -0.562942 1.146145 -0.142840
v -0.564663 1.145339 -0.143139
v -0.565863 1.144771 -0.143228
v -0.566866 1.144258 -0.142520
v -0.567289 1.143995 -0.141286
v -0.566970 1.144083 -0.139997
v -0.566031 1.144489 -0.139146
v -0.564831 1.145057 -0.139057
v -0.563828 1.145570 -0.139765
v -0.563405 1.145833 -0.140999
v -0.563724 1.145745 -0.142288
v -0.565278 1.146628 -0.143075
v -0.566478 1.146060 -0.143164
v -0.567481 1.145547 -0.142456
v -0.567904 1.145284 -0.141222
v -0.567585 1.145372 -0.139933
v -0.566646 1.145777 -0.139082
v -0.565446 1.146345 -0.138993
v -0.564443 1.146859 -0.139701
v -0.564020 1.147121 -0.140935
v -0.564339 1.147033 -0.142224
v -0.566408 1.148622 -0.142567
v -0.567365 1.148169 -0.142638
v -0.568165 1.147760 -0.142073
v -0.568502 1.147550 -0.141090
v -0.568247 1.147621 -0.140062
v -0.567499 1.147944 -0.139384
v -0.566542 1.148396 -0.139313
v -0.565743 1.148806 -0.139877
v -0.565406 1.149015 -0.140861
v -0.565660 1.148945 -0.141888
v -0.571471 1.160144 -0.141056
v -0.571291 1.160194 -0.140329
v -0.571529 1.160046 -0.139633
v -0.572095 1.159756 -0.139234
v -0.572772 1.159436 -0.139284
v -0.573301 1.159207 -0.139764
v -0.573481 1.159158 -0.140491
v -0.573243 1.159306 -0.141187
v -0.572677 1.159595 -0.141586
v -0.572000 1.159915 -0.141536
v -0.574480 1.166883 -0.139998
v -0.574660 1.166833 -0.140725
v -0.575284 1.166445 -0.138903
v -0.574719 1.166734 -0.139302
v -0.576491 1.165896 -0.139433
v -0.575961 1.166124 -0.138953
v -0.576432 1.165994 -0.140855
v -0.576671 1.165846 -0.140159
v -0.575866 1.166284 -0.141255
v -0.575190 1.166604 -0.141205
v -0.568856 1.157920 -0.140387
v -0.569505 1.157612 -0.140435
v -0.569759 1.157542 -0.141462
v -0.569216 1.157820 -0.141845
v -0.570469 1.157041 -0.138189
v -0.570642 1.156994 -0.138887
v -0.569842 1.157403 -0.139451
v -0.569334 1.157622 -0.138990
v -0.572890 1.155940 -0.139253
v -0.572347 1.156218 -0.139636
v -0.571598 1.156541 -0.138957
v -0.571827 1.156399 -0.138289
v -0.572772 1.156138 -0.142108
v -0.572264 1.156357 -0.141647
v -0.572601 1.156148 -0.140663
v -0.573250 1.155840 -0.140711
v -0.571637 1.156718 -0.142909
v -0.571464 1.156766 -0.142211
v -0.570508 1.157219 -0.142141
v -0.570279 1.157361 -0.142808
v -0.568989 1.155615 -0.139540
v -0.568652 1.155824 -0.140523
v -0.568907 1.155754 -0.141551
v -0.569655 1.155431 -0.142229
v -0.569789 1.155205 -0.138975
v -0.570746 1.154753 -0.139046
v -0.571494 1.154430 -0.139725
v -0.571748 1.154359 -0.140752
v -0.571411 1.154569 -0.141736
v -0.570612 1.154978 -0.142300
v -0.685896 1.080716 -0.153053
v -0.687674 1.079874 -0.153185
v -0.689161 1.079113 -0.152135
v -0.689788 1.078724 -0.150306
v -0.689315 1.078854 -0.148396
v -0.687923 1.079455 -0.147134
v -0.686145 1.080297 -0.147003
v -0.684658 1.081058 -0.148052
v -0.684031 1.081447 -0.149881
v -0.684504 1.081317 -0.151791
v -0.688729 1.086658 -0.152758
v -0.690508 1.085816 -0.152890
v -0.691994 1.085056 -0.151841
v -0.692621 1.084666 -0.150012
v -0.692148 1.084797 -0.148102
v -0.690757 1.085398 -0.146840
v -0.688978 1.086239 -0.146708
v -0.687491 1.087000 -0.147757
v -0.686865 1.087390 -0.149586
v -0.687338 1.087259 -0.151497
v -0.689059 1.086453 -0.151796
v -0.690259 1.085885 -0.151884
v -0.691262 1.085372 -0.151177
v -0.691685 1.085109 -0.149943
v -0.691366 1.085197 -0.148654
v -0.690427 1.085603 -0.147802
v -0.689227 1.086171 -0.147714
v -0.688224 1.086684 -0.148422
v -0.687801 1.086947 -0.149656
v -0.688120 1.086859 -0.150944
v -0.689673 1.087742 -0.151732
v -0.690874 1.087174 -0.151821
v -0.691877 1.086661 -0.151113
v -0.692299 1.086398 -0.149879
v -0.691980 1.086486 -0.148590
v -0.691042 1.086891 -0.147738
v -0.689841 1.087459 -0.147650
v -0.688838 1.087973 -0.148358
v -0.688416 1.088235 -0.149592
v -0.688735 1.088147 -0.150880
v -0.690804 1.089736 -0.151224
v -0.691761 1.089283 -0.151294
v -0.692560 1.088874 -0.150730
v -0.692897 1.088664 -0.149746
v -0.692643 1.088735 -0.148719
v -0.691895 1.089058 -0.148040
v -0.690938 1.089510 -0.147970
v -0.690138 1.089920 -0.148534
v -0.689801 1.090129 -0.149518
v -0.690056 1.090059 -0.150545
v -0.695867 1.101258 -0.149713
v -0.695687 1.101308 -0.148986
v -0.695925 1.101160 -0.148290
v -0.696491 1.100870 -0.147891
v -0.697168 1.100550 -0.147941
v -0.697697 1.100321 -0.148421
v -0.697877 1.100271 -0.149148
v -0.697639 1.100420 -0.149844
v -0.697073 1.100709 -0.150243
v -0.696396 1.101029 -0.150193
v -0.698876 1.107996 -0.148654
v -0.699056 1.107947 -0.149381
v -0.699680 1.107559 -0.147559
v -0.699114 1.107848 -0.147958
v -0.700886 1.107010 -0.148089
v -0.700357 1.107239 -0.147609
v -0.700828 1.107108 -0.149512
v -0.701066 1.106960 -0.148816
v -0.700262 1.107398 -0.149911
v -0.699585 1.107718 -0.149861
v -0.693251 1.099034 -0.149043
v -0.693901 1.098726 -0.149091
v -0.694155 1.098656 -0.150119
v -0.693612 1.098934 -0.150502
v -0.694865 1.098155 -0.146846
v -0.695037 1.098108 -0.147543
v -0.694238 1.098517 -0.148108
v -0.693730 1.098736 -0.147647
v -0.697285 1.097054 -0.147909
v -0.696742 1.097332 -0.148293
v -0.695994 1.097655 -0.147614
v -0.696223 1.097513 -0.146946
v -0.697168 1.097252 -0.150764
v -0.696660 1.097471 -0.150304
v -0.696997 1.097262 -0.149320
v -0.697646 1.096954 -0.149368
v -0.696033 1.097833 -0.151566
v -0.695860 1.097880 -0.150868
v -0.694903 1.098333 -0.150797
v -0.694675 1.098475 -0.151465
v -0.693385 1.096729 -0.148196
v -0.693048 1.096938 -0.149180
v -0.693302 1.096868 -0.150207
v -0.694051 1.096545 -0.150886
v -0.694185 1.096319 -0.147632
v -0.695141 1.095867 -0.147703
v -0.695890 1.095544 -0.148381
v -0.696144 1.095473 -0.149409
v -0.695807 1.095683 -0.150392
v -0.695007 1.096092 -0.150957
v -0.789560 1.027660 -0.079942
v -0.791339 1.026818 -0.080073
v -0.792826 1.026057 -0.079024
v -0.793452 1.025668 -0.077195
v -0.792979 1.025799 -0.075285
v -0.791588 1.026400 -0.074023
v -0.789809 1.027241 -0.073891
v -0.788323 1.028002 -0.074941
v -0.787696 1.028392 -0.076770
v -0.788169 1.028261 -0.078680
v -0.792394 1.033602 -0.079647
v -0.794173 1.032761 -0.079778
v -0.795659 1.032000 -0.078729
v -0.796286 1.031610 -0.076900
v -0.795813 1.031741 -0.074990
v -0.794421 1.032342 -0.073728
v -0.792643 1.033184 -0.073597
v -0.791156 1.033944 -0.074646
v -0.790530 1.034334 -0.076475
v -0.791002 1.034203 -0.078385
v -0.792724 1.033397 -0.078684
v -0.793924 1.032829 -0.078773
v -0.794927 1.032316 -0.078065
v -0.795349 1.032053 -0.076831
v -0.795030 1.032141 -0.075542
v -0.794092 1.032547 -0.074691
v -0.792892 1.033115 -0.074602
v -0.791888 1.033628 -0.075310
v -0.791466 1.033891 -0.076544
v -0.791785 1.033803 -0.077833
v -0.793338 1.034686 -0.078620
v -0.794538 1.034118 -0.078709
v -0.795541 1.033605 -0.078001
v -0.795964 1.033342 -0.076767
v -0.795645 1.033430 -0.075478
v -0.794706 1.033836 -0.074627
v -0.793506 1.034404 -0.074538
v -0.792503 1.034917 -0.075246
v -0.792080 1.035180 -0.076480
v -0.792399 1.035092 -0.077769
v -0.794469 1.036680 -0.078112
v -0.795425 1.036227 -0.078183
v -0.796225 1.035818 -0.077619
v -0.796562 1.035609 -0.076635
v -0.796308 1.035679 -0.075607
v -0.795559 1.036002 -0.074929
v -0.794603 1.036455 -0.074858
v -0.793803 1.036864 -0.075422
v -0.793466 1.037073 -0.076406
v -0.793720 1.037003 -0.077434
v -0.799531 1.048202 -0.076601
v -0.799351 1.048252 -0.075875
v -0.799590 1.048104 -0.075179
v -0.800155 1.047814 -0.074779
v -0.800832 1.047494 -0.074829
v -0.801362 1.047265 -0.075310
v -0.801542 1.047216 -0.076036
v -0.801303 1.047364 -0.076732
v -0.800738 1.047653 -0.077132
v -0.800061 1.047974 -0.077082
v -0.802541 1.054941 -0.075543
v -0.802721 1.054891 -0.076270
v -0.803345 1.054503 -0.074448
v -0.802779 1.054792 -0.074847
v -0.804551 1.053954 -0.074978
v -0.804022 1.054183 -0.074498
v -0.804492 1.054052 -0.076401
v -0.804731 1.053904 -0.075705
v -0.803927 1.054342 -0.076800
v -0.803250 1.054662 -0.076750
v -0.796916 1.045978 -0.075932
v -0.797565 1.045671 -0.075980
v -0.797820 1.045600 -0.077007
v -0.797277 1.045878 -0.077390
v -0.798529 1.045100 -0.073734
v -0.798702 1.045052 -0.074432
v -0.797902 1.045461 -0.074996
v -0.797394 1.045681 -0.074535
v -0.800950 1.043998 -0.074798
v -0.800407 1.044276 -0.075181
v -0.799659 1.044599 -0.074502
v -0.799887 1.044457 -0.073835
v -0.800832 1.044196 -0.077653
v -0.800324 1.044415 -0.077192
v -0.800661 1.044206 -0.076209
v -0.801311 1.043898 -0.076257
v -0.799697 1.044777 -0.078454
v -0.799525 1.044824 -0.077757
v -0.798568 1.045277 -0.077686
v -0.798339 1.045419 -0.078354
v -0.797050 1.043673 -0.075085
v -0.796713 1.043882 -0.076068
v -0.796967 1.043812 -0.077096
v -0.797715 1.043489 -0.077775
v -0.797849 1.043264 -0.074520
v -0.798806 1.042811 -0.074591
v -0.799554 1.042488 -0.075270
v -0.799809 1.042418 -0.076297
v -0.799472 1.042627 -0.077281
v -0.798672 1.043036 -0.077845
v -0.833748 1.000248 0.047953
v -0.835526 0.999406 0.047822
v -0.837013 0.998645 0.048871
v -0.837640 0.998256 0.050700
v -0.837167 0.998387 0.052610
v -0.835775 0.998987 0.053872
v -0.833997 0.999829 0.054003
v -0.832510 1.000590 0.052954
v -0.831883 1.000979 0.051125
v -0.832356 1.000849 0.049215
v -0.836581 1.006190 0.048248
v -0.838360 1.005349 0.048116
v -0.839846 1.004588 0.049166
v -0.840473 1.004198 0.050995
v -0.840000 1.004329 0.052905
v -0.838609 1.004930 0.054167
v -0.836830 1.005771 0.054298
v -0.835343 1.006532 0.053249
v -0.834717 1.006922 0.051420
v -0.835190 1.006791 0.049510
v -0.836911 1.005985 0.049210
v -0.838111 1.005417 0.049122
v -0.839114 1.004904 0.049830
v -0.839537 1.004641 0.051064
v -0.839218 1.004729 0.052353
v -0.838279 1.005135 0.053204
v -0.837079 1.005703 0.053293
v -0.836076 1.006216 0.052585
v -0.835653 1.006479 0.051351
v -0.835972 1.006391 0.050062
v -0.837525 1.007274 0.049274
v -0.838726 1.006706 0.049186
v -0.839729 1.006193 0.049894
v -0.840151 1.005930 0.051128
v -0.839832 1.006018 0.052417
v -0.838894 1.006424 0.053268
v -0.837693 1.006991 0.053357
v -0.836690 1.007505 0.052649
v -0.836268 1.007768 0.051415
v -0.836587 1.007679 0.050126
v -0.838656 1.009268 0.049783
v -0.839613 1.008815 0.049712
v -0.840412 1.008406 0.050276
v -0.840749 1.008196 0.051260
v -0.840495 1.008267 0.052287
v -0.839747 1.008590 0.052966
v -0.838790 1.009043 0.053037
v -0.837990 1.009452 0.052472
v -0.837653 1.009661 0.051489
v -0.837908 1.009591 0.050461
v -0.843719 1.020790 0.051293
v -0.843539 1.020840 0.052020
v -0.843777 1.020692 0.052716
v -0.844343 1.020402 0.053115
v -0.845020 1.020082 0.053065
v -0.845549 1.019853 0.052585
v -0.845729 1.019804 0.051858
v -0.845490 1.019952 0.051162
v -0.844925 1.020241 0.050763
v -0.844248 1.020562 0.050813
v -0.846728 1.027529 0.052352
v -0.846908 1.027479 0.051625
v -0.847532 1.027091 0.053447
v -0.846966 1.027380 0.053048
v -0.848738 1.026542 0.052917
v -0.848209 1.026771 0.053397
v -0.848680 1.026640 0.051494
v -0.848918 1.026492 0.052190
v -0.848114 1.026930 0.051095
v -0.847437 1.027250 0.051145
v -0.841103 1.018566 0.051963
v -0.841753 1.018259 0.051915
v -0.842007 1.018188 0.050888
v -0.841464 1.018466 0.050505
v -0.842717 1.017688 0.054161
v -0.842889 1.017640 0.053463
v -0.842090 1.018049 0.052899
v -0.841582 1.018268 0.053360
v -0.845137 1.016586 0.053097
v -0.844594 1.016864 0.052714
v -0.843846 1.017187 0.053392
v -0.844075 1.017045 0.054060
v -0.845020 1.016784 0.050242
v -0.844512 1.017003 0.050703
v -0.844849 1.016794 0.051686
v -0.845498 1.016486 0.051638
v -0.843885 1.017365 0.049441
v -0.843712 1.017412 0.050138
v -0.842755 1.017865 0.050209
v -0.842527 1.018007 0.049541
v -0.841237 1.016261 0.052810
v -0.840900 1.016470 0.051826
v -0.841154 1.016400 0.050799
v -0.841903 1.016077 0.050120
v -0.842037 1.015852 0.053374
v -0.842993 1.015399 0.053304
v -0.843742 1.015076 0.052625
v -0.843996 1.015005 0.051598
v -0.843659 1.015215 0.050614
v -0.842859 1.015624 0.050050
v -0.801468 1.009031 0.181219
v -0.803246 1.008190 0.181087
v -0.804733 1.007429 0.182136
v -0.805359 1.007039 0.183965
v -0.804887 1.007170 0.185875
v -0.803495 1.007771 0.187137
v -0.801717 1.008613 0.187269
v -0.800230 1.009373 0.186220
v -0.799603 1.009763 0.184391
v -0.800076 1.009632 0.182480
v -0.804301 1.014974 0.181513
v -0.806080 1.014132 0.181382
v -0.807566 1.013371 0.182431
v -0.808193 1.012982 0.184260
v -0.807720 1.013112 0.186170
v -0.806329 1.013713 0.187432
v -0.804550 1.014555 0.187563
v -0.803063 1.015316 0.186514
v -0.802437 1.015705 0.184685
v -0.802910 1.015574 0.182775
v -0.804631 1.014769 0.182476
v -0.805831 1.014201 0.182387
v -0.806834 1.013687 0.183095
v -0.807257 1.013425 0.184329
v -0.806938 1.013513 0.185618
v -0.805999 1.013918 0.186469
v -0.804799 1.014486 0.186558
v -0.803796 1.014999 0.185850
v -0.803373 1.015262 0.184616
v -0.803692 1.015174 0.183327
v -0.805245 1.016057 0.182540
v -0.806445 1.015489 0.182451
v -0.807449 1.014976 0.183159
v -0.807871 1.014713 0.184393
v -0.807552 1.014802 0.185682
v -0.806613 1.015207 0.186533
v -0.805413 1.015775 0.186622
v -0.804410 1.016288 0.185914
v -0.803988 1.016551 0.184680
v -0.804307 1.016463 0.183391
v -0.806376 1.018051 0.183048
v -0.807333 1.017599 0.182977
v -0.808132 1.017189 0.183542
v -0.808469 1.016980 0.184525
v -0.808215 1.017050 0.185553
v -0.807467 1.017373 0.186231
v -0.806510 1.017826 0.186302
v -0.805710 1.018235 0.185738
v -0.805373 1.018445 0.184754
v -0.805628 1.018374 0.183727
v -0.811438 1.029574 0.184559
v -0.811259 1.029623 0.185286
v -0.811497 1.029475 0.185982
v -0.812063 1.029186 0.186381
v -0.812739 1.028865 0.186331
v -0.813269 1.028637 0.185851
v -0.813449 1.028587 0.185124
v -0.813210 1.028735 0.184428
v -0.812645 1.029025 0.184029
v -0.811968 1.029345 0.184079
v -0.814448 1.036312 0.185617
v -0.814628 1.036262 0.184890
v -0.815252 1.035874 0.186712
v -0.814686 1.036164 0.186313
v -0.816458 1.035325 0.186182
v -0.815929 1.035554 0.186662
v -0.816400 1.035424 0.184759
v -0.816638 1.035276 0.185455
v -0.815834 1.035713 0.184360
v -0.815157 1.036034 0.184410
v -0.808823 1.027349 0.185228
v -0.809473 1.027042 0.185180
v -0.809727 1.026972 0.184153
v -0.809184 1.027249 0.183770
v -0.810437 1.026471 0.187426
v -0.810609 1.026423 0.186728
v -0.809810 1.026832 0.186164
v -0.809302 1.027052 0.186625
v -0.812857 1.025370 0.186362
v -0.812314 1.025647 0.185979
v -0.811566 1.025970 0.186658
v -0.811795 1.025828 0.187326
v -0.812740 1.025567 0.183507
v -0.812232 1.025787 0.183968
v -0.812569 1.025577 0.184952
v -0.813218 1.025270 0.184904
v -0.811605 1.026148 0.182706
v -0.811432 1.026196 0.183404
v -0.810475 1.026648 0.183474
v -0.810247 1.026791 0.182806
v -0.808957 1.025044 0.186075
v -0.808620 1.025254 0.185092
v -0.808874 1.025183 0.184064
v -0.809623 1.024860 0.183386
v -0.809757 1.024635 0.186640
v -0.810713 1.024182 0.186569
v -0.811462 1.023859 0.185890
v -0.811716 1.023789 0.184863
v -0.811379 1.023998 0.183879
v -0.810579 1.024408 0.183315
v -0.703057 1.051579 0.269481
v -0.704836 1.050738 0.269349
v -0.706322 1.049977 0.270398
v -0.706949 1.049587 0.272227
v -0.706476 1.049718 0.274137
v -0.705085 1.050319 0.275399
v -0.703306 1.051160 0.275531
v -0.701819 1.051921 0.274482
v -0.701193 1.052311 0.272653
v -0.701665 1.052180 0.270742
v -0.705890 1.057521 0.269775
v -0.707669 1.056680 0.269644
v -0.709156 1.055919 0.270693
v -0.709782 1.055530 0.272522
v -0.709309 1.055660 0.274432
v -0.707918 1.056261 0.275694
v -0.706139 1.057103 0.275825
v -0.704653 1.057864 0.274776
v -0.704026 1.058253 0.272947
v -0.704499 1.058122 0.271037
v -0.706220 1.057317 0.270738
v -0.707420 1.056749 0.270649
v -0.708423 1.056235 0.271357
v -0.708846 1.055973 0.272591
v -0.708527 1.056061 0.273880
v -0.707588 1.056466 0.274731
v -0.706388 1.057034 0.274820
v -0.705385 1.057547 0.274112
v -0.704962 1.057810 0.272878
v -0.705281 1.057722 0.271589
v -0.706835 1.058605 0.270802
v -0.708035 1.058037 0.270713
v -0.709038 1.057524 0.271421
v -0.709461 1.057261 0.272655
v -0.709142 1.057349 0.273944
v -0.708203 1.057755 0.274795
v -0.707003 1.058323 0.274884
v -0.706000 1.058836 0.274176
v -0.705577 1.059099 0.272942
v -0.705896 1.059011 0.271653
v -0.707965 1.060599 0.271310
v -0.708922 1.060146 0.271239
v -0.709722 1.059737 0.271803
v -0.710059 1.059528 0.272787
v -0.709804 1.059598 0.273815
v -0.709056 1.059921 0.274493
v -0.708099 1.060374 0.274564
v -0.707300 1.060783 0.274000
v -0.706963 1.060993 0.273016
v -0.707217 1.060922 0.271989
v -0.713028 1.072122 0.272821
v -0.712848 1.072171 0.273548
v -0.713086 1.072023 0.274244
v -0.713652 1.071734 0.274643
v -0.714329 1.071413 0.274593
v -0.714858 1.071185 0.274113
v -0.715038 1.071135 0.273386
v -0.714800 1.071283 0.272690
v -0.714234 1.071573 0.272291
v -0.713557 1.071893 0.272341
v -0.716037 1.078860 0.273879
v -0.716217 1.078810 0.273152
v -0.716841 1.078422 0.274974
v -0.716276 1.078712 0.274575
v -0.718048 1.077873 0.274444
v -0.717518 1.078102 0.274924
v -0.717989 1.077972 0.273021
v -0.718227 1.077824 0.273717
v -0.717423 1.078261 0.272622
v -0.716747 1.078582 0.272672
v -0.710413 1.069897 0.273490
v -0.711062 1.069590 0.273442
v -0.711316 1.069520 0.272415
v -0.710773 1.069797 0.272032
v -0.712026 1.069019 0.275688
v -0.712199 1.068971 0.274990
v -0.711399 1.069380 0.274426
v -0.710891 1.069600 0.274887
v -0.714446 1.067917 0.274624
v -0.713904 1.068195 0.274241
v -0.713155 1.068519 0.274920
v -0.713384 1.068376 0.275588
v -0.714329 1.068115 0.271769
v -0.713821 1.068334 0.272230
v -0.714158 1.068125 0.273214
v -0.714807 1.067818 0.273166
v -0.713194 1.068696 0.270968
v -0.713021 1.068744 0.271666
v -0.712065 1.069196 0.271736
v -0.711836 1.069339 0.271068
v -0.710546 1.067592 0.274337
v -0.710209 1.067802 0.273354
v -0.710464 1.067731 0.272326
v -0.711212 1.067408 0.271648
v -0.711346 1.067183 0.274902
v -0.712303 1.066730 0.274831
v -0.713051 1.066407 0.274152
v -0.713305 1.066337 0.273125
v -0.712968 1.066546 0.272141
v -0.712169 1.066955 0.271577
v -0.578733 1.110342 0.279924
v -0.580512 1.109501 0.279793
v -0.581998 1.108740 0.280842
v -0.582625 1.108351 0.282671
v -0.582152 1.108481 0.284581
v -0.580760 1.109082 0.285843
v -0.578982 1.109924 0.285974
v -0.577495 1.110685 0.284925
v -0.576869 1.111074 0.283096
v -0.577341 1.110943 0.281186
v -0.581566 1.116285 0.280219
v -0.583345 1.115443 0.280087
v -0.584831 1.114682 0.281136
v -0.585458 1.114293 0.282965
v -0.584985 1.114424 0.284876
v -0.583594 1.115024 0.286137
v -0.581815 1.115866 0.286269
v -0.580329 1.116627 0.285220
v -0.579702 1.117016 0.283391
v -0.580175 1.116886 0.281480
v -0.581896 1.116080 0.281181
v -0.583096 1.115512 0.281093
v -0.584099 1.114999 0.281801
v -0.584522 1.114736 0.283035
v -0.584203 1.114824 0.284323
v -0.583264 1.115229 0.285175
v -0.582064 1.115797 0.285263
v -0.581061 1.116311 0.284556
v -0.580638 1.116573 0.283322
v -0.580957 1.116485 0.282033
v -0.582511 1.117369 0.281245
v -0.583711 1.116801 0.281157
v -0.584714 1.116287 0.281864
v -0.585136 1.116025 0.283098
v -0.584817 1.116113 0.284387
v -0.583879 1.116518 0.285239
v -0.582678 1.117086 0.285327
v -0.581675 1.117599 0.284619
v -0.581253 1.117862 0.283385
v -0.581572 1.117774 0.282097
v -0.583641 1.119362 0.281753
v -0.584598 1.118910 0.281683
v -0.585397 1.118500 0.282247
v -0.585734 1.118291 0.283231
v -0.585480 1.118361 0.284258
v -0.584732 1.118685 0.284937
v -0.583775 1.119137 0.285007
v -0.582976 1.119546 0.284443
v -0.582639 1.119756 0.283459
v -0.582893 1.119686 0.282432
v -0.588704 1.130885 0.283264
v -0.588524 1.130935 0.283991
v -0.588762 1.130786 0.284687
v -0.589328 1.130497 0.285086
v -0.590005 1.130177 0.285036
v -0.590534 1.129948 0.284556
v -0.590714 1.129898 0.283829
v -0.590476 1.130046 0.283133
v -0.589910 1.130336 0.282734
v -0.589233 1.130656 0.282784
v -0.591713 1.137623 0.284323
v -0.591893 1.137573 0.283596
v -0.592517 1.137185 0.285418
v -0.591951 1.137475 0.285019
v -0.593723 1.136636 0.284888
v -0.593194 1.136865 0.285368
v -0.593665 1.136735 0.283465
v -0.593903 1.136587 0.284161
v -0.593099 1.137025 0.283066
v -0.592422 1.137345 0.283116
v -0.586088 1.128660 0.283934
v -0.586738 1.128353 0.283886
v -0.586992 1.128283 0.282858
v -0.586449 1.128561 0.282475
v -0.587702 1.127782 0.286131
v -0.587874 1.127734 0.285434
v -0.587075 1.128144 0.284870
v -0.586567 1.128363 0.285330
v -0.590122 1.126681 0.285068
v -0.589579 1.126959 0.284684
v -0.588831 1.127282 0.285363
v -0.589060 1.127140 0.286031
v -0.590005 1.126878 0.282213
v -0.589497 1.127098 0.282673
v -0.589834 1.126888 0.283657
v -0.590483 1.126581 0.283609
v -0.588870 1.127459 0.281412
v -0.588697 1.127507 0.282109
v -0.587740 1.127960 0.282180
v -0.587512 1.128102 0.281512
v -0.586222 1.126355 0.284781
v -0.585885 1.126565 0.283797
v -0.586139 1.126495 0.282770
v -0.586888 1.126171 0.282091
v -0.587022 1.125946 0.285345
v -0.587978 1.125494 0.285274
v -0.588727 1.125170 0.284596
v -0.588981 1.125100 0.283568
v -0.588644 1.125309 0.282585
v -0.587844 1.125719 0.282020
v -0.474649 1.163650 0.205769
v -0.476427 1.162808 0.205638
v -0.477914 1.162048 0.206687
v -0.478540 1.161658 0.208516
v -0.478068 1.161789 0.210426
v -0.476676 1.162390 0.211688
v -0.474898 1.163231 0.211819
v -0.473411 1.163992 0.210770
v -0.472784 1.164382 0.208941
v -0.473257 1.164251 0.207031
v -0.477482 1.169592 0.206064
v -0.479261 1.168751 0.205933
v -0.480747 1.167990 0.206982
v -0.481374 1.167600 0.208811
v -0.480901 1.167731 0.210721
v -0.479510 1.168332 0.211983
v -0.477731 1.169174 0.212114
v -0.476244 1.169935 0.211065
v -0.475618 1.170324 0.209236
v -0.476091 1.170193 0.207326
v -0.477812 1.169387 0.207027
v -0.479012 1.168820 0.206938
v -0.480015 1.168306 0.207646
v -0.480438 1.168043 0.208880
v -0.480119 1.168132 0.210169
v -0.479180 1.168537 0.211020
v -0.477980 1.169105 0.211109
v -0.476977 1.169618 0.210401
v -0.476554 1.169881 0.209167
v -0.476873 1.169793 0.207878
v -0.478426 1.170676 0.207091
v -0.479626 1.170108 0.207002
v -0.480629 1.169595 0.207710
v -0.481052 1.169332 0.208944
v -0.480733 1.169420 0.210233
v -0.479794 1.169826 0.211084
v -0.478594 1.170394 0.211173
v -0.477591 1.170907 0.210465
v -0.477169 1.171170 0.209231
v -0.477488 1.171082 0.207942
v -0.479557 1.172670 0.207599
v -0.480514 1.172217 0.207528
v -0.481313 1.171808 0.208092
v -0.481650 1.171599 0.209076
v -0.481396 1.171669 0.210103
v -0.480648 1.171992 0.210782
v -0.479691 1.172445 0.210853
v -0.478891 1.172854 0.210289
v -0.478554 1.173063 0.209305
v -0.478809 1.172993 0.208277
v -0.484619 1.184192 0.209109
v -0.484440 1.184242 0.209836
v -0.484678 1.184094 0.210532
v -0.485244 1.183804 0.210932
v -0.485920 1.183484 0.210882
v -0.486450 1.183256 0.210401
v -0.486630 1.183206 0.209675
v -0.486391 1.183354 0.208979
v -0.485826 1.183643 0.208579
v -0.485149 1.183964 0.208629
v -0.487629 1.190931 0.210168
v -0.487809 1.190881 0.209441
v -0.488433 1.190493 0.211263
v -0.487867 1.190783 0.210864
v -0.489639 1.189944 0.210733
v -0.489110 1.190173 0.211213
v -0.489581 1.190043 0.209310
v -0.489819 1.189894 0.210006
v -0.489015 1.190332 0.208911
v -0.488338 1.190652 0.208961
v -0.482004 1.181968 0.209779
v -0.482654 1.181661 0.209731
v -0.482908 1.181590 0.208704
v -0.482365 1.181868 0.208321
v -0.483618 1.181090 0.211977
v -0.483790 1.181042 0.211279
v -0.482991 1.181451 0.210715
v -0.482483 1.181671 0.211176
v -0.486038 1.179988 0.210913
v -0.485495 1.180266 0.210530
v -0.484747 1.180589 0.211208
v -0.484976 1.180447 0.211876
v -0.485921 1.180186 0.208058
v -0.485413 1.180405 0.208519
v -0.485750 1.180196 0.209502
v -0.486399 1.179888 0.209454
v -0.484786 1.180767 0.207257
v -0.484613 1.180815 0.207954
v -0.483656 1.181267 0.208025
v -0.483428 1.181409 0.207357
v -0.482138 1.179663 0.210626
v -0.481801 1.179873 0.209642
v -0.482055 1.179802 0.208615
v -0.482804 1.179479 0.207936
v -0.482938 1.179254 0.211190
v -0.483894 1.178801 0.211120
v -0.484643 1.178478 0.210441
v -0.484897 1.178408 0.209414
v -0.484560 1.178617 0.208430
v -0.483760 1.179026 0.207866
v -0.430907 1.190839 0.078088
v -0.432686 1.189997 0.077956
v -0.434173 1.189236 0.079005
v -0.434799 1.188847 0.080834
v -0.434326 1.188978 0.082745
v -0.432935 1.189579 0.084006
v -0.431156 1.190420 0.084138
v -0.429670 1.191181 0.083089
v -0.429043 1.191571 0.081260
v -0.429516 1.191440 0.079350
v -0.433741 1.196781 0.078382
v -0.435519 1.195940 0.078251
v -0.437006 1.195179 0.079300
v -0.437633 1.194789 0.081129
v -0.437160 1.194920 0.083039
v -0.435768 1.195521 0.084301
v -0.433990 1.196362 0.084433
v -0.432503 1.197123 0.083383
v -0.431876 1.197513 0.081554
v -0.432349 1.197382 0.079644
v -0.434070 1.196576 0.079345
v -0.435271 1.196008 0.079256
v -0.436274 1.195495 0.079964
v -0.436696 1.195232 0.081198
v -0.436377 1.195320 0.082487
v -0.435439 1.195726 0.083338
v -0.434238 1.196294 0.083427
v -0.433235 1.196807 0.082719
v -0.432813 1.197070 0.081485
v -0.433132 1.196982 0.080196
v -0.434685 1.197865 0.079409
v -0.435885 1.197297 0.079320
v -0.436888 1.196784 0.080028
v -0.437311 1.196521 0.081262
v -0.436992 1.196609 0.082551
v -0.436053 1.197015 0.083402
v -0.434853 1.197582 0.083491
v -0.433850 1.198096 0.082783
v -0.433427 1.198359 0.081549
v -0.433746 1.198270 0.080260
v -0.435816 1.199859 0.079917
v -0.436772 1.199406 0.079846
v -0.437572 1.198997 0.080411
v -0.437909 1.198787 0.081394
v -0.437655 1.198858 0.082422
v -0.436906 1.199181 0.083101
v -0.435949 1.199634 0.083171
v -0.435150 1.200043 0.082607
v -0.434813 1.200252 0.081623
v -0.435067 1.200182 0.080596
v -0.440878 1.211381 0.081428
v -0.440698 1.211431 0.082155
v -0.440937 1.211283 0.082851
v -0.441502 1.210993 0.083250
v -0.442179 1.210673 0.083200
v -0.442709 1.210444 0.082720
v -0.442888 1.210395 0.081993
v -0.442650 1.210543 0.081297
v -0.442084 1.210832 0.080898
v -0.441408 1.211153 0.080948
v -0.443888 1.218120 0.082486
v -0.444067 1.218070 0.081760
v -0.444692 1.217682 0.083582
v -0.444126 1.217971 0.083182
v -0.445898 1.217133 0.083051
v -0.445368 1.217362 0.083532
v -0.445839 1.217232 0.081629
v -0.446078 1.217083 0.082325
v -0.445274 1.217521 0.081229
v -0.444597 1.217841 0.081279
v -0.438263 1.209157 0.082098
v -0.438912 1.208850 0.082050
v -0.439167 1.208779 0.081022
v -0.438624 1.209057 0.080639
v -0.439876 1.208279 0.084295
v -0.440049 1.208231 0.083598
v -0.439249 1.208640 0.083033
v -0.438741 1.208860 0.083494
v -0.442297 1.207177 0.083231
v -0.441754 1.207455 0.082848
v -0.441006 1.207778 0.083527
v -0.441234 1.207636 0.084195
v -0.442179 1.207375 0.080376
v -0.441671 1.207594 0.080837
v -0.442008 1.207385 0.081821
v -0.442658 1.207077 0.081773
v -0.441044 1.207956 0.079575
v -0.440872 1.208003 0.080273
v -0.439915 1.208456 0.080343
v -0.439686 1.208598 0.079676
v -0.438397 1.206852 0.082945
v -0.438060 1.207061 0.081961
v -0.438314 1.206991 0.080933
v -0.439062 1.206668 0.080255
v -0.439196 1.206443 0.083509
v -0.440153 1.205990 0.083438
v -0.440901 1.205667 0.082760
v -0.441155 1.205596 0.081732
v -0.440818 1.205806 0.080748
v -0.440019 1.206215 0.080184
v -0.463714 1.181836 -0.055818
v -0.465492 1.180995 -0.055950
v -0.466979 1.180234 -0.054900
v -0.467606 1.179844 -0.053071
v -0.467133 1.179975 -0.051161
v -0.465741 1.180576 -0.049899
v -0.463963 1.181418 -0.049768
v -0.462476 1.182178 -0.050817
v -0.461849 1.182568 -0.052646
v -0.462322 1.182437 -0.054556
v -0.466547 1.187779 -0.055523
v -0.468326 1.186937 -0.055655
v -0.469812 1.186176 -0.054606
v -0.470439 1.185787 -0.052777
v -0.469966 1.185917 -0.050867
v -0.468575 1.186518 -0.049605
v -0.466796 1.187360 -0.049473
v -0.465309 1.188121 -0.050522
v -0.464683 1.188510 -0.052351
v -0.465156 1.188380 -0.054262
v -0.466877 1.187574 -0.054561
v -0.468077 1.187006 -0.054649
v -0.469080 1.186492 -0.053942
v -0.469503 1.186230 -0.052708
v -0.469184 1.186318 -0.051419
v -0.468245 1.186723 -0.050567
v -0.467045 1.187291 -0.050479
v -0.466042 1.187804 -0.051187
v -0.465619 1.188067 -0.052421
v -0.465938 1.187979 -0.053709
v -0.467491 1.188862 -0.054497
v -0.468691 1.188295 -0.054586
v -0.469695 1.187781 -0.053878
v -0.470117 1.187518 -0.052644
v -0.469798 1.187607 -0.051355
v -0.468859 1.188012 -0.050503
v -0.467659 1.188580 -0.050415
v -0.466656 1.189093 -0.051123
v -0.466234 1.189356 -0.052357
v -0.466553 1.189268 -0.053646
v -0.468622 1.190856 -0.053989
v -0.469579 1.190404 -0.054059
v -0.470378 1.189994 -0.053495
v -0.470715 1.189785 -0.052511
v -0.470461 1.189855 -0.051484
v -0.469713 1.190178 -0.050805
v -0.468756 1.190631 -0.050735
v -0.467956 1.191040 -0.051299
v -0.467619 1.191250 -0.052283
v -0.467874 1.191180 -0.053310
v -0.473684 1.202379 -0.052478
v -0.473505 1.202428 -0.051751
v -0.473743 1.202280 -0.051055
v -0.474309 1.201991 -0.050656
v -0.474985 1.201671 -0.050706
v -0.475515 1.201442 -0.051186
v -0.475695 1.201392 -0.051913
v -0.475456 1.201540 -0.052609
v -0.474891 1.201830 -0.053008
v -0.474214 1.202150 -0.052958
v -0.476694 1.209117 -0.051419
v -0.476874 1.209067 -0.052146
v -0.477498 1.208679 -0.050324
v -0.476932 1.208969 -0.050723
v -0.478704 1.208130 -0.050854
v -0.478175 1.208359 -0.050374
v -0.478646 1.208229 -0.052277
v -0.478884 1.208081 -0.051581
v -0.478080 1.208518 -0.052676
v -0.477403 1.208839 -0.052626
v -0.471069 1.200154 -0.051808
v -0.471719 1.199847 -0.051856
v -0.471973 1.199777 -0.052884
v -0.471430 1.200055 -0.053267
v -0.472683 1.199276 -0.049611
v -0.472855 1.199228 -0.050308
v -0.472056 1.199638 -0.050873
v -0.471548 1.199857 -0.050412
v -0.475103 1.198175 -0.050674
v -0.474560 1.198452 -0.051058
v -0.473812 1.198776 -0.050379
v -0.474041 1.198633 -0.049711
v -0.474986 1.198372 -0.053529
v -0.474478 1.198592 -0.053069
v -0.474815 1.198382 -0.052085
v -0.475464 1.198075 -0.052133
v -0.473851 1.198953 -0.054331
v -0.473678 1.199001 -0.053633
v -0.472721 1.199454 -0.053562
v -0.472493 1.199596 -0.054230
v -0.471203 1.197849 -0.050961
v -0.470866 1.198059 -0.051945
v -0.471120 1.197989 -0.052972
v -0.471869 1.197665 -0.053651
v -0.472003 1.197440 -0.050397
v -0.472959 1.196987 -0.050468
v -0.473708 1.196664 -0.051146
v -0.473962 1.196594 -0.052174
v -0.473625 1.196803 -0.053157
v -0.472825 1.197213 -0.053722
v -0.683907 1.076343 -0.043623
v -0.703704 1.066210 -0.029651
v -0.723502 1.056077 -0.015679
v -0.748535 1.040517 0.057394
v -0.742239 1.042258 0.082833
v -0.735944 1.043998 0.108272
v -0.729648 1.045738 0.133711
v -0.674055 1.069747 0.184123
v -0.650367 1.080955 0.185873
v -0.626679 1.092163 0.187624
v -0.602991 1.103372 0.189374
v -0.543599 1.133770 0.147458
v -0.535255 1.138957 0.123101
v -0.526910 1.144143 0.098743
v -0.518566 1.149330 0.074386
v -0.537453 1.144109 -0.001932
v -0.555984 1.136106 -0.018736
v -0.574515 1.128103 -0.035540
v -0.593046 1.120101 -0.052344
v -0.664110 1.086476 -0.057595
v -0.689532 1.220944 0.145561
v -0.708341 1.212821 0.128505
v -0.688247 1.223106 0.114324
v -0.681857 1.224872 0.140144
v -0.705900 1.213496 0.138367
v -0.697431 1.218760 0.113645
v -0.678622 1.226883 0.130701
v -0.698716 1.216599 0.144882
v -0.705106 1.214832 0.119062
v -0.681063 1.226208 0.120838
v -0.683492 1.222614 0.169966
v -0.731066 1.202068 0.126826
v -0.680242 1.228082 0.090956
v -0.664079 1.232550 0.156265
v -0.724893 1.203775 0.151772
v -0.703470 1.217091 0.089240
v -0.655897 1.237636 0.132380
v -0.706721 1.211623 0.168250
v -0.722884 1.207155 0.102941
v -0.662070 1.235929 0.107434
v -0.695799 1.233500 0.133356
v -0.703715 1.229898 0.129877
v -0.702985 1.230100 0.132825
v -0.700838 1.231027 0.134772
v -0.698093 1.232326 0.134975
v -0.700454 1.231673 0.125436
v -0.702748 1.230499 0.127055
v -0.694832 1.234101 0.130533
v -0.695562 1.233899 0.127586
v -0.697709 1.232972 0.125638
v -0.701962 1.229020 0.132472
v -0.700051 1.229846 0.134205
v -0.699709 1.230420 0.125897
v -0.701751 1.229376 0.127338
v -0.702611 1.228841 0.129849
v -0.697267 1.231576 0.126078
v -0.694707 1.232581 0.130433
v -0.695356 1.232401 0.127810
v -0.697609 1.231001 0.134386
v -0.695567 1.232046 0.132945
v -0.695935 1.233615 0.127871
v -0.695286 1.233794 0.130494
v -0.700288 1.231634 0.125957
v -0.700630 1.231059 0.134265
v -0.703190 1.230054 0.129910
v -0.696146 1.233259 0.133005
v -0.697846 1.232790 0.126138
v -0.702541 1.230234 0.132533
v -0.698187 1.232215 0.134446
v -0.702329 1.230589 0.127398
v -0.707755 1.254041 0.126683
v -0.708338 1.255263 0.126744
v -0.712794 1.251568 0.128100
v -0.713377 1.252790 0.128160
v -0.708139 1.253395 0.136020
v -0.708722 1.254617 0.136080
v -0.713032 1.251168 0.133870
v -0.713614 1.252391 0.133930
v -0.705461 1.256392 0.131639
v -0.704879 1.255170 0.131578
v -0.714344 1.252189 0.130983
v -0.713761 1.250967 0.130922
v -0.711083 1.253964 0.126541
v -0.710500 1.252742 0.126481
v -0.711467 1.253318 0.135877
v -0.710884 1.252096 0.135817
v -0.706428 1.255791 0.134461
v -0.705845 1.254569 0.134401
v -0.706191 1.256190 0.128691
v -0.705608 1.254968 0.128630
v -0.707990 1.253995 0.127264
v -0.708499 1.255063 0.127317
v -0.712392 1.251835 0.128501
v -0.712901 1.252903 0.128554
v -0.708325 1.253431 0.135421
v -0.708835 1.254499 0.135474
v -0.712600 1.251486 0.133543
v -0.713109 1.252554 0.133596
v -0.705986 1.256050 0.131594
v -0.705476 1.254982 0.131541
v -0.713746 1.252378 0.131020
v -0.713237 1.251310 0.130967
v -0.710897 1.253928 0.127140
v -0.710388 1.252860 0.127087
v -0.711233 1.253364 0.135297
v -0.710724 1.252296 0.135244
v -0.706830 1.255525 0.134059
v -0.706321 1.254457 0.134007
v -0.706623 1.255873 0.129018
v -0.706114 1.254805 0.128965
v -0.712515 1.265610 0.133916
v -0.714040 1.264829 0.134992
v -0.715609 1.264395 0.128653
v -0.713785 1.265259 0.128787
v -0.715864 1.263966 0.134858
v -0.717291 1.263350 0.133564
v -0.712357 1.265875 0.130082
v -0.711873 1.266009 0.132041
v -0.717133 1.263615 0.129729
v -0.717776 1.263216 0.131604
v -0.679818 1.226696 0.134044
v -0.680896 1.226025 0.137191
v -0.692711 1.219978 0.145530
v -0.695772 1.218530 0.145303
v -0.685970 1.224623 0.116690
v -0.683575 1.225657 0.118862
v -0.702665 1.216624 0.117451
v -0.700107 1.217934 0.115646
v -0.706831 1.213754 0.135275
v -0.707645 1.213529 0.131988
v -0.689175 1.222429 0.130108
v -0.690148 1.221824 0.132949
v -0.692408 1.220667 0.134544
v -0.695172 1.219360 0.134340
v -0.692055 1.221297 0.125243
v -0.689893 1.222230 0.127203
v -0.697069 1.218835 0.126673
v -0.694760 1.220017 0.125043
v -0.697287 1.218446 0.132422
v -0.698022 1.218243 0.129454
v -0.678356 1.227594 0.118928
v -0.675383 1.228416 0.130940
v -0.679323 1.225967 0.142442
v -0.688671 1.221182 0.149039
v -0.699857 1.215889 0.148213
v -0.708607 1.212110 0.140278
v -0.711580 1.211289 0.128266
v -0.707640 1.213738 0.116764
v -0.698292 1.218522 0.110166
v -0.687106 1.223815 0.110993
v -0.690041 1.205282 0.136861
v -0.689457 1.203874 0.136990
v -0.693344 1.204369 0.123515
v -0.692842 1.202938 0.123312
v -0.680917 1.210249 0.124434
v -0.680106 1.208964 0.124253
v -0.684592 1.206175 0.137349
v -0.685295 1.207528 0.137212
v -0.694556 1.201873 0.128314
v -0.695016 1.203330 0.128396
v -0.683911 1.207321 0.120802
v -0.684630 1.208646 0.121066
v -0.680526 1.208256 0.134480
v -0.681328 1.209559 0.134412
v -0.693263 1.202230 0.133539
v -0.693755 1.203678 0.133494
v -0.688776 1.205019 0.120442
v -0.689377 1.206400 0.120716
v -0.678813 1.209322 0.129478
v -0.679656 1.210598 0.129531
v -0.689708 1.205392 0.135988
v -0.689188 1.204139 0.136102
v -0.692647 1.204580 0.124112
v -0.692200 1.203306 0.123931
v -0.681588 1.209812 0.124929
v -0.680866 1.208669 0.124768
v -0.684859 1.206187 0.136422
v -0.685484 1.207391 0.136300
v -0.693725 1.202358 0.128382
v -0.694135 1.203655 0.128455
v -0.684253 1.207206 0.121697
v -0.684892 1.208385 0.121932
v -0.681240 1.208039 0.133869
v -0.681953 1.209198 0.133808
v -0.692574 1.202676 0.133031
v -0.693012 1.203965 0.132991
v -0.688582 1.205158 0.121377
v -0.689117 1.206387 0.121620
v -0.679715 1.208987 0.129417
v -0.680465 1.210123 0.129465
v -0.591681 1.120690 -0.051106
v -0.594790 1.119275 -0.052473
v -0.662366 1.087301 -0.057466
v -0.665568 1.085729 -0.056566
v -0.722044 1.056824 -0.016708
v -0.724116 1.055696 -0.013885
v -0.536989 1.144237 -0.000058
v -0.538818 1.143520 -0.003169
v -0.747920 1.040899 0.055600
v -0.748071 1.040645 0.059267
v -0.519180 1.148948 0.076180
v -0.519030 1.149202 0.072512
v -0.730112 1.045610 0.131838
v -0.728283 1.046328 0.134949
v -0.675420 1.069157 0.182886
v -0.672311 1.070572 0.184252
v -0.604735 1.102546 0.189245
v -0.601533 1.104118 0.188345
v -0.545057 1.133024 0.148487
v -0.542985 1.134152 0.145664
v -0.687554 1.079652 -0.145405
v -0.684351 1.081223 -0.146305
v -0.788830 1.027748 -0.072568
v -0.786758 1.028876 -0.075391
v -0.797419 1.010942 0.183741
v -0.799247 1.010225 0.180631
v -0.579547 1.110196 0.277184
v -0.582750 1.108624 0.278084
v -0.478271 1.162099 0.204348
v -0.480343 1.160971 0.207170
v -0.701451 1.052459 0.269313
v -0.704560 1.051044 0.267947
v -0.830795 1.001504 0.053154
v -0.830644 1.001757 0.049487
v -0.469682 1.178905 -0.051962
v -0.467853 1.179623 -0.048851
v -0.565650 1.137388 -0.137534
v -0.562541 1.138803 -0.136167
v -0.436306 1.188344 0.078625
v -0.436457 1.188090 0.082292
v -0.652722 1.078521 0.126496
v -0.681300 1.066180 0.100582
v -0.693742 1.092274 0.101876
v -0.665165 1.104616 0.127791
v -0.661062 1.074920 0.118934
v -0.672960 1.069781 0.108144
v -0.682956 1.090743 0.109184
v -0.671057 1.095882 0.119974
v -0.663668 1.081877 0.116037
v -0.673347 1.077697 0.107260
v -0.679542 1.090690 0.107904
v -0.669863 1.094869 0.116681
v -0.664442 1.079544 0.120460
v -0.676341 1.074406 0.109670
v -0.683889 1.090235 0.110455
v -0.671990 1.095374 0.121245
v -0.666229 1.080483 0.119524
v -0.675907 1.076303 0.110747
v -0.682103 1.089296 0.111391
v -0.672424 1.093476 0.120168
v -0.698000 1.088727 -0.028352
v -0.697815 1.088778 -0.027601
v -0.696471 1.089509 -0.029431
v -0.697170 1.089179 -0.029483
v -0.695985 1.089644 -0.027466
v -0.695739 1.089797 -0.028185
v -0.697268 1.089014 -0.027106
v -0.697754 1.088880 -0.029071
v -0.695924 1.089745 -0.028935
v -0.696569 1.089345 -0.027054
v -0.542425 0.879011 0.041053
v -0.540423 0.879876 0.042869
v -0.540065 0.880479 0.034162
v -0.542204 0.879384 0.035672
v -0.535724 0.882182 0.041548
v -0.534822 0.882742 0.038916
v -0.535503 0.882554 0.036167
v -0.537505 0.881690 0.034352
v -0.537863 0.881087 0.043058
v -0.543106 0.878823 0.038304
v -0.557601 0.915902 0.044656
v -0.559382 0.915410 0.037459
v -0.552000 0.918768 0.040703
v -0.554683 0.917716 0.036138
v -0.555041 0.917113 0.044845
v -0.559604 0.915037 0.042840
v -0.557243 0.916505 0.035949
v -0.552902 0.918208 0.043335
v -0.552681 0.918580 0.037954
v -0.560284 0.914849 0.040091
v -0.562535 0.926248 0.045169
v -0.564316 0.925756 0.037972
v -0.556934 0.929115 0.041216
v -0.559617 0.928062 0.036651
v -0.559975 0.927459 0.045358
v -0.564537 0.925383 0.043353
v -0.562176 0.926851 0.036462
v -0.557836 0.928554 0.043848
v -0.557614 0.928927 0.038467
v -0.565217 0.925195 0.040604
v -0.552462 0.920691 0.036707
v -0.554464 0.919826 0.034891
v -0.548626 0.924068 0.030869
v -0.548138 0.923045 0.030818
v -0.550141 0.922180 0.029002
v -0.550628 0.923203 0.029053
v -0.545353 0.925849 0.026411
v -0.545893 0.924267 0.027760
v -0.547895 0.923402 0.025944
v -0.547355 0.924985 0.024595
v -0.541311 0.928049 0.020907
v -0.539796 0.927586 0.019456
v -0.541798 0.926721 0.017640
v -0.543314 0.927185 0.019091
v -0.549061 0.921520 0.025681
v -0.549558 0.921527 0.020759
v -0.540413 0.925477 0.029053
v -0.544851 0.923338 0.029498
v -0.540889 0.925866 0.016622
v -0.538505 0.926895 0.018784
v -0.548148 0.921915 0.026509
v -0.545764 0.922944 0.028670
v -0.545119 0.925950 0.026623
v -0.542747 0.927093 0.026385
v -0.541398 0.926394 0.028081
v -0.545126 0.924598 0.028456
v -0.548662 0.923071 0.025249
v -0.549080 0.923077 0.021115
v -0.547855 0.924887 0.021753
v -0.547589 0.924884 0.024383
v -0.540812 0.928147 0.023748
v -0.541078 0.928150 0.021118
v -0.539029 0.927917 0.020152
v -0.538611 0.927912 0.024285
v -0.546293 0.924594 0.017319
v -0.542565 0.926390 0.016945
v -0.543547 0.927084 0.018879
v -0.545919 0.925941 0.019117
v -0.537094 0.927283 0.024533
v -0.537592 0.927290 0.019612
v -0.541802 0.925472 0.015794
v -0.546240 0.923333 0.016240
v -0.538383 0.926641 0.018771
v -0.537471 0.927035 0.019599
v -0.549437 0.921273 0.020747
v -0.548939 0.921266 0.025668
v -0.540767 0.925611 0.016609
v -0.548026 0.921660 0.026496
v -0.541680 0.925217 0.015782
v -0.546118 0.923079 0.016227
v -0.540291 0.925222 0.029040
v -0.536973 0.927028 0.024521
v -0.544729 0.923084 0.029486
v -0.545642 0.922689 0.028658
v -0.539556 0.926035 0.019711
v -0.538866 0.926333 0.020337
v -0.547921 0.921973 0.021206
v -0.547544 0.921967 0.024930
v -0.541360 0.925256 0.018075
v -0.546853 0.922266 0.025556
v -0.542051 0.924958 0.017449
v -0.545410 0.923339 0.017786
v -0.541000 0.924961 0.027481
v -0.538489 0.926328 0.024062
v -0.544358 0.923343 0.027819
v -0.545049 0.923045 0.027192
v -0.538997 0.924861 0.019653
v -0.538306 0.925159 0.020279
v -0.547361 0.920799 0.021147
v -0.546984 0.920793 0.024872
v -0.540801 0.924082 0.018017
v -0.546293 0.921092 0.025498
v -0.541491 0.923783 0.017390
v -0.544850 0.922165 0.017728
v -0.540440 0.923787 0.027423
v -0.537929 0.925154 0.024003
v -0.543798 0.922169 0.027760
v -0.544489 0.921871 0.027134
v -0.536995 0.923525 0.018682
v -0.536097 0.923913 0.019496
v -0.547869 0.918244 0.020625
v -0.547379 0.918237 0.025466
v -0.539340 0.922512 0.016555
v -0.546481 0.918625 0.026281
v -0.540239 0.922124 0.015740
v -0.544605 0.920021 0.016179
v -0.538872 0.922129 0.028783
v -0.535608 0.923906 0.024337
v -0.543238 0.920025 0.029222
v -0.544136 0.919638 0.028407
v -0.538888 0.920935 0.021543
v -0.539006 0.920884 0.021436
v -0.543430 0.918755 0.021836
v -0.543272 0.918753 0.023402
v -0.540819 0.920101 0.019792
v -0.545643 0.919058 0.025609
v -0.540700 0.920152 0.019900
v -0.542113 0.919472 0.020042
v -0.540166 0.920165 0.024796
v -0.538848 0.920882 0.023002
v -0.541578 0.919484 0.024938
v -0.541459 0.919535 0.025045
v -0.537834 0.923092 0.019353
v -0.537094 0.923411 0.020024
v -0.546785 0.918744 0.020953
v -0.546382 0.918739 0.024939
v -0.540504 0.921939 0.016932
v -0.544098 0.920207 0.017293
v -0.539378 0.921943 0.027670
v -0.536691 0.923406 0.024009
v -0.539764 0.922258 0.017602
v -0.542973 0.920211 0.028031
v -0.543712 0.919892 0.027360
v -0.543390 0.918701 0.023295
v -0.540495 0.919155 0.020481
v -0.542349 0.918145 0.023007
v -0.540654 0.918371 0.024343
v -0.538799 0.919380 0.021816
v -0.538884 0.919343 0.021739
v -0.542378 0.918184 0.021955
v -0.542264 0.918182 0.023085
v -0.540409 0.919192 0.020559
v -0.541428 0.918701 0.020661
v -0.539720 0.918824 0.024163
v -0.538770 0.919342 0.022868
v -0.540739 0.918334 0.024265
v -0.546381 0.925290 0.027811
v -0.548383 0.924425 0.025995
v -0.540284 0.928609 0.019507
v -0.542286 0.927744 0.017691
v -0.541886 0.927417 0.028132
v -0.545614 0.925621 0.028506
v -0.549150 0.924094 0.025300
v -0.549568 0.924100 0.021166
v -0.539517 0.928940 0.020202
v -0.539099 0.928934 0.024336
v -0.546781 0.925617 0.017370
v -0.543053 0.927413 0.016996
v -0.549527 0.929539 0.024821
v -0.545485 0.931739 0.019317
v -0.543483 0.932604 0.021132
v -0.547524 0.930404 0.026637
v -0.544919 0.931647 0.026611
v -0.547291 0.930504 0.026849
v -0.549760 0.929438 0.024609
v -0.550026 0.929442 0.021979
v -0.543249 0.932705 0.021344
v -0.542983 0.932701 0.023974
v -0.548091 0.930495 0.019343
v -0.545719 0.931638 0.019105
v -0.549206 0.932820 0.024019
v -0.547195 0.933915 0.021280
v -0.546198 0.934345 0.022184
v -0.548210 0.933250 0.024923
v -0.546913 0.933869 0.024910
v -0.548093 0.933300 0.025028
v -0.549322 0.932770 0.023914
v -0.549455 0.932771 0.022605
v -0.546082 0.934395 0.022289
v -0.545950 0.934393 0.023598
v -0.548491 0.933296 0.021293
v -0.547311 0.933864 0.021174
v -0.551815 0.938292 0.024291
v -0.549804 0.939387 0.021551
v -0.548808 0.939817 0.022455
v -0.550819 0.938722 0.025194
v -0.549522 0.939341 0.025181
v -0.550703 0.938773 0.025300
v -0.551932 0.938242 0.024185
v -0.552064 0.938244 0.022876
v -0.548691 0.939868 0.022560
v -0.548559 0.939866 0.023869
v -0.551101 0.938768 0.021564
v -0.549920 0.939337 0.021446
v -0.552319 0.939347 0.024343
v -0.550307 0.940442 0.021604
v -0.549311 0.940873 0.022507
v -0.551322 0.939778 0.025247
v -0.550026 0.940397 0.025233
v -0.551206 0.939828 0.025352
v -0.552435 0.939297 0.024237
v -0.552567 0.939299 0.022929
v -0.549195 0.940923 0.022613
v -0.549062 0.940921 0.023921
v -0.551604 0.939823 0.021617
v -0.550424 0.940392 0.021498
v -0.552792 0.940340 0.024392
v -0.550781 0.941435 0.021653
v -0.549784 0.941865 0.022556
v -0.551795 0.940770 0.025296
v -0.550499 0.941389 0.025283
v -0.551679 0.940821 0.025401
v -0.552908 0.940290 0.024287
v -0.553041 0.940292 0.022978
v -0.549668 0.941916 0.022662
v -0.549536 0.941914 0.023971
v -0.552077 0.940816 0.021666
v -0.550897 0.941385 0.021547
v -0.549752 0.923455 0.032403
v -0.556365 0.926740 0.038131
v -0.552878 0.920467 0.037274
v -0.551211 0.922924 0.034264
v -0.552958 0.923187 0.036066
v -0.554816 0.924417 0.037529
v -0.558368 0.925875 0.036315
v -0.551755 0.922590 0.030587
v -0.554881 0.919602 0.035458
v -0.556819 0.923552 0.035714
v -0.554960 0.922322 0.034250
v -0.553213 0.922059 0.032448
v -0.537644 0.924885 0.018749
v -0.538346 0.925197 0.019131
v -0.537531 0.925549 0.019869
v -0.536746 0.925273 0.019564
v -0.548203 0.920410 0.020892
v -0.548518 0.919604 0.020692
v -0.548028 0.919597 0.025534
v -0.547759 0.920404 0.025281
v -0.540472 0.924279 0.017204
v -0.539989 0.923872 0.016622
v -0.547130 0.919985 0.026348
v -0.546944 0.920756 0.026019
v -0.541286 0.923928 0.016465
v -0.540887 0.923485 0.015808
v -0.545253 0.921381 0.016246
v -0.545244 0.922021 0.016862
v -0.540046 0.923932 0.028289
v -0.539521 0.923489 0.028851
v -0.536256 0.925266 0.024405
v -0.537087 0.925543 0.024258
v -0.544004 0.922025 0.028686
v -0.543887 0.921386 0.029289
v -0.544818 0.921674 0.027947
v -0.544785 0.920998 0.028475
v -0.682590 1.222863 0.173613
v -0.734462 1.200462 0.126575
v -0.679046 1.228825 0.087464
v -0.661423 1.233697 0.158674
v -0.727731 1.202322 0.153774
v -0.704373 1.216841 0.085593
v -0.652501 1.239243 0.132631
v -0.707917 1.210879 0.171741
v -0.725540 1.206007 0.100532
v -0.659232 1.237382 0.105431
vn 0.4241 -0.9040 -0.0546
vn 0.4358 -0.8994 -0.0348
vn -0.4365 0.8981 0.0537
vn 0.4233 -0.9053 -0.0357
vn -0.4402 0.8966 0.0476
vn 0.4366 -0.8981 -0.0537
vn -0.4398 0.8972 0.0404
vn 0.4200 -0.9062 -0.0491
vn 0.8704 0.4272 -0.2446
vn 0.4398 -0.8972 -0.0404
vn -0.4233 0.9053 0.0357
vn 0.6523 -0.6321 -0.4182
vn 0.0595 0.7662 0.6399
vn 0.0410 0.0690 -0.9968
vn -0.4970 -0.1950 -0.8456
vn -0.8451 -0.3845 -0.3714
vn -0.8704 -0.4272 0.2446
vn -0.5633 -0.3066 0.7672
vn -0.0410 -0.0690 0.9968
vn 0.4970 0.1950 0.8456
vn 0.5633 0.3066 -0.7672
vn 0.8451 0.3845 0.3714
vn -0.6562 0.4853 -0.5778
vn -0.9069 0.3488 -0.2364
vn -0.3279 0.5761 0.7488
vn 0.3284 0.9333 -0.1451
vn -0.7040 0.4049 0.5835
vn 0.3101 0.9026 0.2985
vn -0.2688 0.6754 -0.6867
vn -0.9251 0.3181 0.2072
vn 0.6932 -0.4840 -0.5340
vn 0.8934 -0.4054 -0.1934
vn 0.8769 -0.4333 0.2081
vn 0.6500 -0.5568 0.5172
vn 0.2994 -0.7289 0.6158
vn -0.0411 -0.8838 0.4662
vn -0.2413 -0.9623 0.1255
vn -0.2247 -0.9345 -0.2760
vn 0.0022 -0.8110 -0.5850
vn 0.3528 -0.6389 -0.6836
vn -0.4300 0.9017 0.0448
vn -0.4300 0.9017 0.0447
vn -0.4299 0.9018 0.0447
vn 0.7916 -0.5936 0.1448
vn 0.8041 -0.5725 -0.1598
vn 0.3940 -0.7497 -0.5318
vn 0.1280 -0.8802 -0.4570
vn -0.0442 -0.9739 -0.2225
vn -0.0567 -0.9950 0.0821
vn 0.0952 -0.9354 0.3405
vn 0.3534 -0.8179 0.4540
vn 0.6195 -0.6873 0.3793
vn 0.5128 0.7869 0.3432
vn -0.6062 -0.7691 0.2026
vn -0.1815 0.5144 -0.8381
vn -0.9685 0.0860 0.2338
vn 0.2122 0.6232 0.7527
vn 0.2695 0.7196 -0.6399
vn -0.9466 0.1228 -0.2981
vn -0.2523 0.3953 0.8832
vn 0.5347 0.8237 -0.1887
vn -0.6460 0.2864 -0.7076
vn -0.7033 0.1901 0.6850
vn -0.2424 0.9157 0.3206
vn 0.6323 -0.2055 0.7470
vn 0.6924 -0.1044 -0.7139
vn -0.5833 -0.7304 -0.3554
vn 0.1451 -0.4446 0.8839
vn 0.9706 0.0048 -0.2405
vn -0.2679 -0.5588 -0.7849
vn -0.3280 -0.6599 0.6760
vn 0.9477 -0.0338 0.3175
vn 0.2194 -0.3196 -0.9218
vn -0.2205 0.9524 -0.2104
vn -0.6843 0.7248 -0.0801
vn -0.4195 0.8287 0.3704
vn -0.1194 0.9921 -0.0383
vn -0.5696 0.7872 -0.2362
vn -0.5915 0.7505 0.2949
vn -0.1277 0.9781 0.1645
vn -0.3925 0.8742 -0.2860
vn -0.6926 0.7108 0.1228
vn 0.0535 -0.9802 -0.1904
vn 0.3771 -0.8532 0.3602
vn 0.7439 -0.6536 -0.1394
vn 0.1936 -0.9040 -0.3813
vn 0.1669 -0.9489 0.2679
vn 0.7337 -0.6707 0.1085
vn 0.4101 -0.7977 -0.4421
vn 0.0433 -0.9974 0.0575
vn 0.5936 -0.7470 0.2994
vn 0.6203 -0.7021 -0.3497
vn 0.0446 0.9959 -0.0792
vn -0.6167 0.6949 -0.3698
vn -0.6488 0.6410 0.4102
vn 0.0324 0.9752 0.2188
vn -0.3565 0.8226 -0.4429
vn -0.7973 0.5827 0.1575
vn -0.1360 0.8836 0.4481
vn -0.1039 0.9376 -0.3319
vn -0.7850 0.6033 -0.1405
vn -0.3962 0.7559 0.5212
vn 0.4334 -0.9004 -0.0388
vn -0.4334 0.9004 0.0388
vn 0.4303 -0.9012 -0.0517
vn 0.4339 -0.8996 -0.0501
vn -0.4239 0.9047 0.0430
vn 0.4240 -0.9044 -0.0474
vn -0.4302 0.9012 0.0517
vn 0.4297 -0.9022 -0.0377
vn -0.4358 0.8991 0.0421
vn 0.4360 -0.8987 -0.0465
vn 0.1072 0.8465 -0.5214
vn 0.4304 -0.9008 -0.0568
vn -0.4360 0.8993 0.0344
vn -0.4231 0.9054 0.0353
vn 0.4402 -0.8970 -0.0402
vn -0.4403 0.8970 0.0402
vn -0.4193 0.9069 0.0417
vn 0.4359 -0.8993 -0.0345
vn -0.4406 0.8964 0.0477
vn 0.4294 -0.9025 -0.0327
vn -0.4368 0.8979 0.0541
vn 0.4300 -0.9017 -0.0447
vn 0.7024 -0.4208 -0.5741
vn 0.9195 -0.3356 -0.2046
vn 0.9016 -0.3657 0.2310
vn 0.6554 -0.4997 0.5663
vn 0.2750 -0.6864 0.6732
vn -0.0943 -0.8545 0.5109
vn -0.3115 -0.9397 0.1414
vn -0.2935 -0.9095 -0.2942
vn -0.0474 -0.7755 -0.6295
vn 0.3330 -0.5888 -0.7364
vn 0.4969 0.1950 0.8456
vn 0.0943 0.8545 -0.5109
vn 0.3115 0.9397 -0.1414
vn 0.2935 0.9095 0.2942
vn 0.0474 0.7755 0.6295
vn -0.3330 0.5888 0.7364
vn -0.7024 0.4208 0.5741
vn -0.9195 0.3356 0.2046
vn -0.9016 0.3657 -0.2310
vn -0.6554 0.4997 -0.5663
vn -0.2750 0.6864 -0.6732
vn -0.4969 -0.1950 -0.8456
vn -0.3177 -0.1975 0.9274
vn 0.9019 0.4268 0.0666
vn 0.4432 -0.8942 -0.0629
vn 0.4505 -0.8914 -0.0505
vn 0.4092 -0.9116 -0.0389
vn 0.4181 -0.9061 -0.0647
vn 0.4416 -0.8969 -0.0247
vn 0.4499 -0.8924 -0.0359
vn 0.4098 -0.9106 -0.0535
vn 0.4289 -0.9031 -0.0211
vn 0.4308 -0.8998 -0.0683
vn 0.4165 -0.9087 -0.0265
vn 0.4299 -0.9017 -0.0447
vn 0.8704 0.4272 -0.2447
vn -0.8704 -0.4272 0.2447
vn -0.4299 0.9018 0.0448
vn -0.4301 0.9017 0.0447
vn -0.4299 0.9017 0.0447
vn 0.7024 -0.4207 -0.5742
vn 0.9195 -0.3355 -0.2046
vn 0.9016 -0.3656 0.2310
vn -0.0943 -0.8544 0.5109
vn -0.2936 -0.9095 -0.2943
vn -0.0474 -0.7755 -0.6296
vn 0.3330 -0.5888 -0.7365
vn 0.5633 0.3067 -0.7672
vn -0.4298 0.9018 0.0448
vn 0.0448 -0.2459 0.9683
vn 0.4299 -0.9018 -0.0448
vn 0.1252 -0.1107 -0.9859
vn -0.7683 -0.5970 0.2310
vn 0.9383 0.2405 -0.2486
vn 0.5722 0.0129 0.8200
vn -0.7434 -0.5552 -0.3729
vn -0.4672 -0.4789 0.7432
vn -0.4021 -0.3695 -0.8377
vn 0.9134 0.1987 0.3552
vn 0.6372 0.1223 -0.7609
vn -0.5633 -0.3067 0.7672
vn 0.4299 -0.9018 -0.0447
vn 0.6480 -0.3019 0.6993
vn 0.9455 -0.1400 0.2941
vn 0.1884 -0.5274 0.8284
vn -0.2012 -0.6351 -0.7457
vn 0.9671 -0.1035 -0.2323
vn -0.5203 -0.8335 0.1858
vn 0.2585 -0.4096 -0.8749
vn -0.4987 -0.7971 -0.3406
vn -0.2579 -0.7305 0.6323
vn 0.7047 -0.2065 -0.6788
vn -0.3838 -0.3987 -0.8329
vn -0.7225 -0.5830 -0.3717
vn 0.9217 0.1652 0.3509
vn 0.9464 0.2066 -0.2484
vn -0.4484 -0.5072 0.7360
vn 0.1395 -0.1418 -0.9800
vn 0.0597 -0.2760 0.9593
vn 0.5831 -0.0192 0.8122
vn -0.7471 -0.6245 0.2276
vn 0.6476 0.0894 -0.7567
vn 0.5633 0.3066 -0.7673
vn 0.5945 0.7787 -0.2004
vn 0.5717 0.7404 0.3535
vn 0.3183 0.6704 -0.6703
vn 0.7026 0.3031 0.6438
vn -0.9708 0.0106 0.2395
vn 0.2587 0.5700 0.7799
vn -0.6350 0.2193 -0.7407
vn -0.6947 0.1189 0.7094
vn -0.9480 0.0489 -0.3144
vn -0.1513 0.4567 -0.8767
vn -0.2251 0.3326 0.9158
vn -0.7026 -0.3031 -0.6438
vn -0.9464 -0.2066 0.2484
vn 0.4301 -0.9017 -0.0447
vn -0.9217 -0.1651 -0.3509
vn 0.7225 0.5830 0.3717
vn 0.3838 0.3987 0.8329
vn -0.0597 0.2760 -0.9593
vn -0.6476 -0.0894 0.7567
vn 0.4484 0.5072 -0.7360
vn 0.7471 0.6245 -0.2276
vn -0.5830 0.0192 -0.8122
vn -0.1395 0.1418 0.9800
vn 0.5823 0.7885 -0.1980
vn 0.5597 0.7505 0.3515
vn 0.3083 0.6810 -0.6643
vn -0.9708 0.0263 0.2385
vn 0.2491 0.5814 0.7746
vn -0.6376 0.2334 -0.7342
vn -0.6968 0.1338 0.7047
vn -0.9482 0.0643 -0.3111
vn -0.1577 0.4689 -0.8690
vn -0.2308 0.3459 0.9094
vn -0.9465 -0.2060 0.2483
vn -0.9219 -0.1645 -0.3509
vn 0.7221 0.5835 0.3716
vn 0.3835 0.3992 0.8328
vn -0.0600 0.2766 -0.9591
vn -0.6478 -0.0888 0.7566
vn 0.4480 0.5078 -0.7359
vn 0.7467 0.6250 -0.2276
vn -0.5832 0.0198 -0.8121
vn -0.1398 0.1424 0.9799
vn 0.7859 0.4924 0.3741
vn 0.4404 0.3043 0.8447
vn -0.0121 0.1792 -0.9837
vn -0.6119 -0.1936 0.7669
vn 0.5062 0.4151 -0.7559
vn 0.8110 0.5347 -0.2373
vn -0.5460 -0.0828 -0.8337
vn -0.0935 0.0423 0.9947
vn -0.9167 -0.3132 0.2483
vn -0.8915 -0.2709 -0.3631
vn -0.0973 0.0505 0.9940
vn -0.8944 -0.2623 -0.3623
vn 0.5017 0.4229 -0.7546
vn 0.4359 0.3122 0.8441
vn -0.9195 -0.3046 0.2484
vn -0.0160 0.1873 -0.9822
vn 0.7810 0.5001 0.3741
vn -0.6151 -0.1851 0.7664
vn -0.5493 -0.0744 -0.8323
vn 0.8062 0.5423 -0.2366
vn 0.0860 0.8594 -0.5041
vn -0.6548 0.5089 -0.5588
vn -0.9158 0.3467 0.2029
vn -0.2790 0.6933 -0.6644
vn -0.3363 0.5969 0.7284
vn 0.3006 0.9436 -0.1389
vn -0.7012 0.4309 0.5681
vn -0.8981 0.3764 -0.2275
vn 0.0396 0.7814 0.6228
vn 0.2829 0.9138 0.2915
vn -0.4432 0.8942 0.0629
vn -0.4308 0.8999 0.0683
vn -0.4505 0.8914 0.0505
vn -0.4181 0.9061 0.0647
vn -0.4098 0.9106 0.0535
vn -0.4093 0.9116 0.0389
vn -0.4165 0.9087 0.0265
vn -0.4289 0.9031 0.0211
vn -0.4416 0.8969 0.0247
vn -0.4499 0.8924 0.0359
vn -0.2397 -0.0663 -0.9686
vn 0.7538 0.3858 -0.5320
vn 0.2397 0.0663 0.9686
vn -0.9019 -0.4268 -0.0666
vn 0.7056 0.3047 0.6398
vn -0.7538 -0.3858 0.5320
vn 0.3177 0.1975 -0.9274
vn -0.7056 -0.3047 -0.6398
vn -0.3343 0.5919 0.7334
vn 0.0444 0.7778 0.6270
vn 0.2895 0.9112 0.2932
vn 0.3073 0.9412 -0.1404
vn 0.0911 0.8563 -0.5083
vn -0.2765 0.6890 -0.6699
vn -0.6552 0.5032 -0.5635
vn -0.9003 0.3698 -0.2297
vn -0.9181 0.3398 0.2040
vn -0.7019 0.4246 0.5718
vn -0.9195 0.3355 0.2046
vn -0.7023 0.4208 0.5741
vn -0.3330 0.5889 0.7364
vn 0.2935 0.9096 0.2942
vn 0.3114 0.9397 -0.1414
vn 0.7203 0.3128 0.6192
vn -0.5666 -0.3081 0.7643
vn -0.6987 -0.3009 -0.6491
vn -0.6987 -0.3010 -0.6491
vn 0.7203 0.3128 0.6191
vn -0.5666 -0.3080 0.7643
vn -0.6986 -0.3009 -0.6491
vn 0.6988 -0.1491 -0.6996
vn 0.9705 -0.0425 -0.2373
vn 0.9481 -0.0802 0.3077
vn 0.6401 -0.2479 0.7272
vn 0.1642 -0.4814 0.8610
vn -0.2979 -0.6917 0.6579
vn -0.5696 -0.7983 0.1956
vn -0.5472 -0.7606 -0.3494
vn -0.2392 -0.5930 -0.7689
vn 0.2367 -0.3594 -0.9027
vn -0.4132 0.8974 -0.1546
vn -0.4295 0.8699 0.2423
vn 0.2480 -0.9687 0.0049
vn 0.3092 -0.9447 0.1090
vn -0.5947 0.7986 0.0925
vn -0.2481 0.9687 -0.0049
vn 0.4132 -0.8974 0.1547
vn -0.5203 0.8449 -0.1245
vn -0.3224 0.9225 0.2122
vn 0.5203 -0.8448 0.1246
vn 0.2179 -0.9524 0.2132
vn 0.5930 -0.7482 -0.2976
vn 0.5741 0.7948 -0.1965
vn 0.3918 -0.8733 0.2896
vn -0.2346 0.3546 0.9051
vn 0.4191 -0.8273 -0.3740
vn 0.1241 -0.9783 -0.1658
vn -0.6392 0.2427 -0.7297
vn 0.2427 0.5888 0.7709
vn 0.2401 -0.9152 -0.3236
vn 0.0997 -0.3559 0.9292
vn 0.1774 -0.2252 -0.9580
vn -0.6855 -0.6949 0.2172
vn 0.9626 0.1139 -0.2460
vn 0.6090 -0.1059 0.7861
vn -0.6615 -0.6546 -0.3660
vn -0.3947 -0.5808 0.7119
vn -0.3319 -0.4752 -0.8149
vn 0.9386 0.0735 0.3372
vn 0.6718 -0.0003 -0.7407
vn 0.2531 -0.9602 -0.1178
vn 0.5335 -0.8226 -0.1966
vn -0.2531 0.9602 0.1178
vn -0.5896 0.8071 -0.0301
vn 0.3224 -0.9225 -0.2122
vn 0.5947 -0.7986 -0.0925
vn 0.4295 -0.8699 -0.2423
vn -0.3092 0.9447 -0.1089
vn -0.5335 0.8226 0.1966
vn 0.5897 -0.8071 0.0301
vn 0.2934 0.9096 0.2942
vn -0.2751 0.6864 -0.6732
vn 0.3114 0.9397 -0.1413
vn -0.9016 0.3658 -0.2310
vn -0.9482 0.0745 -0.3089
vn 0.1157 -0.9925 0.0393
vn -0.1619 0.4770 -0.8639
vn -0.9706 0.0367 0.2377
vn 0.6952 -0.7081 -0.1236
vn 0.5517 0.7570 0.3502
vn 0.3016 0.6879 -0.6602
vn 0.6868 -0.7223 0.0815
vn 0.5709 -0.7854 0.2393
vn -0.6981 0.1437 0.7014
vn 0.7260 -0.6798 0.1039
vn 0.2016 -0.9063 -0.3716
vn 0.1757 -0.9499 0.2586
vn 0.0656 -0.9803 -0.1863
vn 0.5900 -0.7538 0.2892
vn 0.7359 -0.6631 -0.1367
vn 0.0557 -0.9970 0.0544
vn 0.4118 -0.8031 -0.4306
vn 0.3798 -0.8570 0.3483
vn 0.6159 -0.7102 -0.3409
vn -0.7780 0.6251 0.0632
vn -0.7780 0.6251 0.0631
vn 0.5422 0.2975 -0.7858
vn -0.5422 -0.2975 0.7858
vn -0.0995 0.0011 -0.9950
vn 0.4479 0.2529 -0.8576
vn 0.8242 0.4081 -0.3925
vn 0.8857 0.4074 0.2224
vn 0.6089 0.2511 0.7524
vn 0.0995 -0.0011 0.9950
vn -0.4479 -0.2529 0.8576
vn -0.8242 -0.4081 0.3926
vn -0.4251 0.9040 0.0460
vn -0.8857 -0.4074 -0.2224
vn -0.6089 -0.2511 -0.7524
vn 0.2009 -0.5869 -0.7843
vn 0.6163 -0.3963 -0.6805
vn 0.9026 -0.2787 -0.3280
vn 0.9500 -0.2795 0.1390
vn 0.7400 -0.3984 0.5419
vn 0.3527 -0.5901 0.7262
vn -0.0633 -0.7810 0.6214
vn -0.3488 -0.8981 0.2679
vn -0.3952 -0.8969 -0.1986
vn -0.1853 -0.7780 -0.6003
vn 0.4251 -0.9040 -0.0461
vn 0.3275 -0.5245 0.7859
vn -0.1195 -0.7297 0.6733
vn -0.4263 -0.8556 0.2935
vn -0.4761 -0.8545 -0.2079
vn -0.2504 -0.7268 -0.6395
vn 0.1645 -0.5214 -0.8373
vn 0.6109 -0.3165 -0.7257
vn 0.9184 -0.1901 -0.3469
vn 0.9693 -0.1908 0.1549
vn 0.7436 -0.3185 0.5879
vn 0.6877 0.3479 -0.6372
vn 0.4251 -0.9040 -0.0460
vn -0.8242 -0.4081 0.3925
vn 0.4250 -0.9040 -0.0461
vn 0.8242 0.4081 -0.3926
vn 0.4250 -0.9040 -0.0460
vn 0.4249 -0.9040 -0.0461
vn -0.6134 -0.2497 -0.7492
vn -0.6642 -0.3383 0.6666
vn 0.6104 0.2481 0.7523
vn -0.6613 -0.3445 0.6663
vn 0.4246 -0.9042 -0.0463
vn -0.4250 0.9040 0.0460
vn 0.6847 0.3541 -0.6370
vn -0.6120 -0.2527 -0.7494
vn -0.6616 -0.3438 0.6664
vn -0.4254 0.9038 0.0459
vn -0.4245 0.9042 0.0463
vn 0.6066 0.2561 0.7526
vn 0.6850 0.3536 -0.6370
vn -0.6096 -0.2577 -0.7496
vn 0.1969 -0.2688 -0.9429
vn -0.6502 -0.7299 0.2109
vn 0.9677 0.0641 -0.2439
vn 0.6206 -0.1517 0.7693
vn -0.6266 -0.6903 -0.3617
vn -0.3648 -0.6179 0.6965
vn -0.3031 -0.5142 -0.8023
vn 0.9441 0.0244 0.3286
vn 0.6823 -0.0480 -0.7295
vn 0.1206 -0.3971 0.9098
vn 0.6350 -0.2193 0.7407
vn 0.9480 -0.0489 0.3144
vn 0.1513 -0.4567 0.8767
vn -0.2587 -0.5700 -0.7799
vn 0.9708 -0.0105 -0.2395
vn -0.5945 -0.7787 0.2004
vn 0.2251 -0.3326 -0.9158
vn -0.5717 -0.7404 -0.3535
vn -0.3183 -0.6704 0.6703
vn 0.6947 -0.1189 -0.7094
vn -0.3838 -0.3986 -0.8329
vn -0.4301 0.9017 0.0446
vn 0.9464 0.2066 -0.2483
vn 0.4298 -0.9018 -0.0448
vn 0.4301 -0.9017 -0.0448
vn 0.4300 -0.9017 -0.0448
vn 0.4299 -0.9018 -0.0446
vn 0.4298 -0.9018 -0.0447
vn 0.4300 -0.9017 -0.0446
vn 0.4301 -0.9017 -0.0446
vn -0.7131 -0.6650 0.2220
vn 0.5984 -0.0683 0.7983
vn 0.6620 0.0388 -0.7485
vn -0.6888 -0.6241 -0.3689
vn 0.0824 -0.3215 0.9433
vn 0.9566 0.1544 -0.2473
vn -0.3549 -0.4424 -0.8236
vn -0.4185 -0.5494 0.7232
vn 0.9323 0.1135 0.3435
vn 0.1611 -0.1892 -0.9686
vn 0.3549 0.4424 0.8236
vn -0.9566 -0.1544 0.2473
vn -0.0824 0.3215 -0.9433
vn 0.6888 0.6241 0.3689
vn -0.6620 -0.0388 0.7485
vn -0.5984 0.0683 -0.7983
vn 0.7131 0.6650 -0.2220
vn -0.1611 0.1892 0.9686
vn -0.9323 -0.1135 -0.3435
vn 0.4185 0.5494 -0.7232
vn -0.4294 0.9025 0.0325
vn 0.4240 -0.9040 -0.0549
vn -0.4196 0.9064 0.0493
vn 0.4367 -0.8980 -0.0540
vn 0.4197 -0.9063 -0.0492
vn -0.4239 0.9040 0.0551
vn 0.4404 -0.8965 -0.0477
vn 0.4194 -0.9068 -0.0417
vn -0.4305 0.9008 0.0569
vn 0.4231 -0.9054 -0.0354
vn 0.8316 0.3762 0.4086
vn -0.7845 -0.4945 -0.3741
vn -0.8573 -0.3922 -0.3336
vn 0.8572 0.3922 0.3336
vn 0.8923 0.2685 0.3629
vn -0.8923 -0.2685 -0.3629
vn -0.8316 -0.3762 -0.4086
vn 0.7845 0.4946 0.3741
vn 0.4360 -0.8990 -0.0421
vn -0.4339 0.8996 0.0501
vn -0.4360 0.8987 0.0464
vn 0.4239 -0.9047 -0.0430
vn 0.4260 -0.9039 -0.0393
vn -0.4241 0.9044 0.0473
vn -0.4265 0.9031 0.0506
vn 0.4265 -0.9031 -0.0506
vn -0.4297 0.9022 0.0378
vn -0.4260 0.9039 0.0394
vn -0.4304 0.9009 0.0564
vn -0.4241 0.9040 0.0547
vn 0.4401 -0.8967 -0.0476
vn 0.4197 -0.9067 -0.0418
vn -0.4200 0.9062 0.0491
vn -0.4295 0.9025 0.0330
vn 0.4295 -0.9025 -0.0330
vn 0.4304 -0.9009 -0.0564
vn -0.4197 0.9067 0.0419
vn -0.4358 0.8994 0.0348
vn -0.9620 -0.1186 0.2461
vn -0.0977 0.3519 -0.9309
vn 0.6647 0.6511 0.3664
vn -0.6707 -0.0043 0.7417
vn -0.6078 0.1015 -0.7876
vn 0.6888 0.6915 -0.2177
vn -0.1755 0.2211 0.9593
vn -0.9379 -0.0781 -0.3380
vn 0.3975 0.5772 -0.7133
vn 0.3346 0.4714 0.8160
vn -0.4299 0.9018 0.0446
vn -0.4301 0.9017 0.0448
vn -0.4300 0.9017 0.0446
vn -0.4298 0.9018 0.0447
vn -0.4300 0.9017 0.0449
vn -0.4299 0.9018 0.0449
vn -0.4302 0.9016 0.0447
vn 0.4022 0.3693 0.8378
vn -0.9382 -0.2406 0.2487
vn -0.0447 0.2457 -0.9683
vn 0.7435 0.5551 0.3729
vn -0.6371 -0.1225 0.7610
vn -0.5721 -0.0131 -0.8201
vn 0.7684 0.5969 -0.2310
vn -0.1251 0.1105 0.9860
vn -0.9134 -0.1989 -0.3553
vn 0.4673 0.4787 -0.7433
vn -0.9329 -0.2606 0.2487
vn -0.0358 0.2277 -0.9731
vn 0.7555 0.5383 0.3734
vn -0.6306 -0.1420 0.7630
vn -0.5653 -0.0321 -0.8243
vn 0.7805 0.5802 -0.2328
vn -0.1165 0.0919 0.9889
vn -0.9079 -0.2187 -0.3576
vn 0.4782 0.4616 -0.7472
vn 0.4129 0.3517 0.8401
vn 0.6641 0.7166 -0.2134
vn 0.6404 0.6766 0.3635
vn 0.3765 0.6037 -0.7027
vn 0.3143 0.4992 0.8075
vn -0.1893 0.2520 0.9490
vn -0.6784 0.0295 0.7341
vn -0.9660 -0.0834 0.2448
vn -0.9423 -0.0435 -0.3321
vn -0.6163 0.1340 -0.7761
vn -0.1125 0.3812 -0.9176
vn 0.7805 0.5802 -0.2329
vn 0.6403 0.6766 0.3635
vn -0.1894 0.2520 0.9490
vn -0.6163 0.1339 -0.7760
vn -0.0359 0.2277 -0.9731
vn 0.4782 0.4616 -0.7471
vn 0.3144 0.4992 0.8075
vn -0.6784 0.0294 0.7341
vn -0.9660 -0.0834 0.2447
vn -0.9079 -0.2186 -0.3576
vn 0.3144 0.4992 0.8074
vn -0.6163 0.1340 -0.7760
vn -0.5653 -0.0322 -0.8243
vn -0.5633 -0.3066 0.7673
vn 0.4310 -0.8792 -0.2031
vn -0.3453 0.9213 0.1790
vn 0.5632 -0.8221 -0.0832
vn 0.3346 -0.9391 0.0782
vn -0.5632 0.8221 0.0832
vn 0.3453 -0.9213 -0.1790
vn -0.2857 0.9583 0.0051
vn 0.4179 -0.9012 0.1148
vn -0.4179 0.9012 -0.1148
vn 0.2855 -0.9584 -0.0052
vn 0.5143 -0.8413 -0.1665
vn -0.3347 0.9391 -0.0782
vn -0.5144 0.8413 0.1665
vn 0.5039 -0.8590 0.0908
vn -0.4310 0.8792 0.2031
vn 0.5595 -0.8287 0.0152
vn -0.5037 0.8591 -0.0907
vn -0.2896 0.9515 0.1034
vn 0.2894 -0.9516 -0.1035
vn -0.5593 0.8288 -0.0151
vn -0.3543 0.9204 0.1654
vn 0.3007 -0.9537 -0.0093
vn -0.3448 0.9364 -0.0657
vn 0.4315 -0.8825 -0.1870
vn -0.5502 0.8312 0.0793
vn 0.5504 -0.8311 -0.0792
vn -0.4196 0.9023 -0.0985
vn 0.3046 -0.9475 -0.0974
vn -0.3008 0.9536 0.0092
vn 0.3448 -0.9364 0.0657
vn 0.5062 -0.8485 -0.1542
vn -0.4314 0.8826 0.1871
vn 0.4969 -0.8644 0.0770
vn 0.4196 -0.9023 0.0985
vn -0.3044 0.9475 0.0975
vn -0.4967 0.8645 -0.0769
vn 0.5465 -0.8374 0.0089
vn -0.5063 0.8485 0.1541
vn 0.3542 -0.9204 -0.1655
vn -0.5466 0.8373 -0.0090
vn -0.4996 -0.4263 0.7541
vn 0.9361 0.0903 0.3399
vn -0.3669 0.2705 -0.8901
vn 0.6222 -0.1585 0.7667
vn 0.0979 -0.3523 0.9307
vn 0.1901 0.4073 -0.8933
vn 0.9135 0.3225 -0.2482
vn 0.4997 0.4263 -0.7541
vn -0.2192 -0.4110 0.8849
vn -0.8201 0.0314 -0.5713
vn -0.6222 0.1585 -0.7667
vn -0.7382 -0.3993 0.5438
vn 0.8049 -0.0434 0.5919
vn -0.9135 -0.3225 0.2481
vn 0.7585 0.3942 -0.5189
vn 0.9745 0.2206 0.0407
vn -0.9361 -0.0903 -0.3399
vn -0.9754 -0.2093 -0.0693
vn -0.0980 0.3523 -0.9307
vn 0.3921 -0.2611 0.8821
vn 0.5093 -0.8580 -0.0673
vn -0.4244 0.9043 -0.0461
vn 0.4806 -0.8692 -0.1160
vn -0.3490 0.9369 0.0223
vn 0.5069 -0.8620 -0.0099
vn -0.3769 0.9259 -0.0252
vn -0.3512 0.9330 0.0784
vn 0.4744 -0.8797 0.0343
vn 0.3756 -0.9264 0.0270
vn -0.3830 0.9157 0.1214
vn 0.8061 0.5423 -0.2367
vn -0.0161 0.1873 -0.9822
vn -0.5051 0.8630 0.0108
vn 0.4319 -0.8914 -0.1374
vn -0.4734 0.8802 -0.0324
vn 0.3492 -0.9337 -0.0792
vn -0.5074 0.8591 0.0668
vn 0.3817 -0.9160 -0.1234
vn -0.4319 0.8917 0.1352
vn 0.3470 -0.9376 -0.0217
vn -0.4794 0.8701 0.1143
vn 0.4242 -0.9043 0.0484
vn -0.4207 -0.5465 0.7242
vn 0.7031 -0.4143 -0.5780
vn -0.8154 0.3563 -0.4562
vn -0.3600 0.5980 -0.7161
vn -0.1005 0.0014 -0.9949
vn 0.2551 0.8187 0.5145
vn -0.7076 0.3523 0.6125
vn 0.3878 0.9210 -0.0379
vn -0.7076 0.3523 0.6126
vn 0.1493 0.8187 -0.5544
vn -0.2092 0.5959 0.7753
vn 0.1006 -0.0014 0.9949
vn -0.8972 -0.4323 0.0901
vn 0.8972 0.4323 -0.0901
vn -0.1006 0.0014 -0.9949
vn -0.7055 -0.3047 -0.6398
vn 0.1492 0.8187 -0.5545
vn -0.9571 0.2730 0.0971
vn -0.5634 -0.3067 0.7672
vn 0.7055 0.3047 0.6398
vn 0.1005 -0.0014 0.9949
vn 0.9932 0.0591 -0.1003
vn 0.1679 -0.5226 -0.8359
vn -0.7070 0.2416 0.6646
vn 0.6300 -0.6831 -0.3694
vn 0.0036 -1.0000 -0.0018
vn 0.3453 -0.8140 -0.4671
vn 0.6910 -0.6839 0.2340
vn 0.0858 -0.9453 -0.3148
vn 0.4316 -0.8152 0.3863
vn 0.1469 -0.9461 0.2887
vn 0.6300 -0.6831 -0.3695
vn 0.7732 -0.6292 -0.0790
vn 0.1467 -0.9461 0.2886
vn 0.1468 -0.9461 0.2886
vn 0.2683 -0.9461 -0.1812
vn 0.2557 -0.3423 0.9041
vn 0.8079 -0.0100 0.5892
vn 0.2326 0.7531 -0.6154
vn -0.6895 0.0867 0.7191
vn 0.3397 0.6470 -0.6827
vn -0.3467 -0.7552 -0.5564
vn -0.3253 -0.7090 0.6257
vn -0.4806 -0.8757 0.0474
vn 0.6669 -0.1689 -0.7258
vn 0.2393 0.7473 -0.6198
vn 0.2393 0.7473 -0.6199
vn 0.4997 0.8648 -0.0493
vn -0.3251 0.5086 -0.7973
vn -0.1588 0.5063 0.8476
vn -0.7065 0.2324 0.6684
vn -0.7065 0.2325 0.6684
vn -0.9836 0.1501 0.0997
vn -0.8258 0.2378 -0.5113
vn 0.3557 0.7481 0.5602
vn 0.7055 0.3047 0.6399
vn -0.7055 -0.3047 -0.6399
vn -0.3741 0.9269 -0.0289
vn -0.1509 0.9467 -0.2845
vn 0.1279 0.8333 -0.5379
vn 0.4562 0.4956 -0.7391
vn 0.5104 0.4078 -0.7571
vn 0.0985 0.8518 -0.5146
vn -0.9350 0.3418 0.0950
vn -0.3775 0.6452 -0.6642
vn 0.1979 0.8515 0.4856
vn -0.8037 0.4190 -0.4226
vn 0.0987 0.8519 -0.5144
vn -0.2369 0.6433 0.7281
vn -0.7030 0.4154 0.5772
vn 0.0985 0.8520 -0.5143
vn 0.3206 0.9467 -0.0311
vn -0.7028 0.4156 0.5774
vn -0.7029 0.4157 0.5772
vt 0.200000 1.000000
vt 0.100000 1.000000
vt 0.700000 1.000000
vt 0.600000 1.000000
vt 0.400000 0.888208
vt 0.500000 0.888208
vt 0.500000 1.000000
vt 0.400000 1.000000
vt 0.300000 0.888208
vt 1.000000 1.000000
vt 0.900000 1.000000
vt 0.200000 0.888208
vt 0.300000 1.000000
vt 0.800000 1.000000
vt 0.900000 0.888208
vt 1.000000 0.888208
vt 1.000000 0.500000
vt 0.900000 0.500000
vt -0.000000 1.000000
vt 0.200000 1.000000
vt 0.500000 1.000000
vt 0.651067 0.113831
vt 0.589923 0.197988
vt 0.800000 0.500000
vt 0.700000 0.500000
vt 0.100000 0.500000
vt -0.000000 0.500000
vt 0.200000 0.500000
vt 0.300000 0.500000
vt 0.400000 0.500000
vt 0.500000 0.500000
vt 0.600000 0.500000
vt 0.322469 0.226453
vt 0.322469 0.273547
vt 0.177531 0.226454
vt 0.205212 0.188354
vt 0.250000 0.326198
vt 0.205212 0.311646
vt 0.294788 0.188354
vt 0.294788 0.311646
vt 0.177531 0.273547
vt 0.250000 0.173802
vt 0.294788 0.188354
vt 0.473501 0.322620
vt 0.388131 0.440122
vt 0.473501 0.177380
vt 0.388131 0.059878
vt 0.250000 0.014997
vt 0.111869 0.059878
vt 0.026499 0.177380
vt 0.026499 0.322620
vt 0.111869 0.440122
vt 0.250000 0.485003
vt 0.100000 1.000000
vt 0.100000 1.000000
vt 0.300000 1.000000
vt 0.000000 0.000000
vt 0.294788 0.311645
vt 0.250000 0.326198
vt 0.250000 0.326198
vt 0.294788 0.311645
vt 0.322469 0.273547
vt 0.322469 0.273547
vt 0.322469 0.226453
vt 0.294788 0.188354
vt 0.294788 0.188354
vt 0.250000 0.173802
vt 0.250000 0.173802
vt 0.205212 0.188354
vt 0.205212 0.188354
vt 0.177531 0.226453
vt 0.177531 0.226453
vt 0.177531 0.273547
vt 0.177531 0.273547
vt 0.205212 0.311646
vt 0.205212 0.311646
vt 0.848933 0.386169
vt 0.750000 0.418315
vt 0.750000 0.490000
vt 0.891068 0.444164
vt 0.910077 0.302012
vt 0.978254 0.324164
vt 0.910077 0.197988
vt 0.978254 0.175836
vt 0.848933 0.113831
vt 0.891068 0.055836
vt 0.750000 0.081685
vt 0.750000 0.010000
vt 0.608932 0.055836
vt 0.521746 0.175836
vt 0.589923 0.302012
vt 0.521746 0.324164
vt 0.651067 0.386169
vt 0.608932 0.444164
vt 0.750000 0.418315
vt 0.848933 0.386169
vt 0.910077 0.302012
vt 0.910077 0.197988
vt 0.910077 0.197988
vt 0.848933 0.113831
vt 0.750000 0.081685
vt 0.750000 0.081685
vt 0.651067 0.113831
vt 0.589923 0.197988
vt 0.589923 0.302012
vt 0.391068 0.444164
vt 0.250000 0.490000
vt 0.108932 0.444164
vt 0.021746 0.324164
vt 0.021746 0.175836
vt 0.108932 0.055836
vt 0.250000 0.010000
vt 0.391068 0.055836
vt 0.478254 0.175836
vt 0.478254 0.324164
vt 0.750000 0.412154
vt 0.845312 0.381185
vt 0.750000 0.490000
vt 0.904218 0.300108
vt 0.904218 0.199892
vt 0.845312 0.118815
vt 0.750000 0.087846
vt 0.750000 0.010000
vt 0.654688 0.118815
vt 0.595782 0.199892
vt 0.595782 0.300108
vt 0.654688 0.381185
vt 0.845312 0.381185
vt 0.904218 0.300108
vt 0.595782 0.199892
vt 0.750000 0.412154
vt 0.654688 0.118815
vt 0.654688 0.381185
vt 0.845312 0.381185
vt 0.845312 0.381185
vt 0.904218 0.300108
vt 0.904218 0.300108
vt 0.904217 0.199892
vt 0.845312 0.118815
vt 0.654688 0.118815
vt 0.595782 0.199892
vt 0.595782 0.199892
vt 0.595782 0.300108
vt 0.595782 0.300108
vt 0.654688 0.381185
vt 0.750000 0.163841
vt 0.699357 0.180296
vt 0.831943 0.223375
vt 0.831943 0.276625
vt 0.750000 0.336159
vt 0.699357 0.319704
vt 0.800643 0.180296
vt 0.668057 0.276624
vt 0.800643 0.319704
vt 0.668057 0.223375
vt 0.831942 0.276625
vt 0.800643 0.180296
vt 0.750000 0.163841
vt 0.699357 0.319704
vt 0.699357 0.180296
vt 0.595782 0.300108
vt 0.904218 0.300108
vt 0.904218 0.199892
vt 0.845312 0.381185
vt 0.904218 0.300108
vt 0.750000 0.412154
vt 0.750000 0.412154
vt 0.845312 0.381185
vt 0.904218 0.300108
vt 0.750000 0.412154
vt 0.845312 0.381185
vt 0.803382 0.323474
vt 0.750000 0.340818
vt 0.904218 0.300108
vt 0.836374 0.278064
vt 0.904218 0.199892
vt 0.836374 0.221936
vt 0.845312 0.118815
vt 0.803382 0.176527
vt 0.750000 0.087846
vt 0.750000 0.159182
vt 0.654689 0.118815
vt 0.696618 0.176527
vt 0.595782 0.199892
vt 0.663626 0.221936
vt 0.595782 0.300108
vt 0.663626 0.278064
vt 0.654688 0.381185
vt 0.696618 0.323473
vt 0.750000 0.422966
vt 0.851667 0.389932
vt 0.845312 0.381185
vt 0.914500 0.303449
vt 0.914500 0.196551
vt 0.904218 0.199892
vt 0.851667 0.110068
vt 0.845312 0.118815
vt 0.750000 0.077034
vt 0.750000 0.087846
vt 0.648333 0.110068
vt 0.585500 0.196551
vt 0.585500 0.303449
vt 0.648333 0.389932
vt 0.735756 0.470395
vt 0.735756 0.433314
vt 0.631978 0.436676
vt 0.653774 0.406676
vt 0.845312 0.381185
vt 0.904218 0.300108
vt 0.654688 0.118815
vt 0.750000 0.163841
vt 0.699357 0.180296
vt 0.800643 0.319704
vt 0.699357 0.319704
vt 0.831942 0.223375
vt 0.800643 0.180296
vt 0.668057 0.223375
vt 0.714682 0.238525
vt 0.714682 0.261475
vt 0.714682 0.261475
vt 0.845312 0.381185
vt 0.904218 0.199892
vt 0.845312 0.118815
vt 0.831943 0.223376
vt 0.800643 0.180296
vt 0.668058 0.276625
vt 0.699357 0.180296
vt 0.668058 0.223375
vt 0.831943 0.276625
vt 0.831943 0.223375
vt 0.800643 0.319704
vt 0.668057 0.276625
vt 0.699357 0.319704
vt 0.785318 0.238525
vt 0.785318 0.261475
vt 0.750000 0.287136
vt 0.728172 0.280043
vt 0.771828 0.219957
vt 0.750000 0.212865
vt 0.771828 0.280043
vt 0.728172 0.219957
vt 0.750000 0.212865
vt 0.750000 0.287136
vt 0.391068 0.444164
vt 0.250000 0.490000
vt 0.478254 0.324164
vt 0.478254 0.175836
vt 0.391068 0.055836
vt 0.250000 0.010000
vt 0.021746 0.175836
vt 0.021746 0.324164
vt 0.108932 0.444164
vt 0.900000 1.000000
vt 0.700000 1.000000
vt 0.600000 1.000000
vt 0.500000 1.000000
vt 0.433066 1.000000
vt 0.433066 1.000000
vt 0.400000 1.000000
vt 0.845312 0.118815
vt 0.904218 0.199892
vt 0.750000 0.412154
vt 0.699357 0.319704
vt 0.668058 0.276624
vt 0.831942 0.223375
vt 0.831943 0.276625
vt 0.800643 0.319704
vt 0.750000 0.336159
vt 0.322469 0.226454
vt 0.100000 0.888208
vt -0.000000 0.888208
vt 0.600000 0.888208
vt 0.700000 0.888208
vt 0.800000 0.888208
vt 0.300000 0.500000
vt 0.500000 0.500000
vt 0.100000 0.500000
vt 0.400000 0.500000
vt 0.634493 0.500000
vt 0.707026 0.500000
vt 0.392973 0.500000
vt 0.465508 0.500000
vt 0.689124 0.500000
vt 0.640429 0.500000
vt 0.581065 0.500000
vt 0.518935 0.500000
vt 0.459569 0.500000
vt 0.410876 0.500000
vt 0.200000 0.500000
vt 0.218978 0.500000
vt 0.299382 0.500000
vt 0.357102 0.500000
vt 0.430678 0.500000
vt 0.600000 0.500000
vt 0.509751 0.500000
vt 0.590248 0.500000
vt 0.669321 0.500000
vt 0.742899 0.500000
vt 0.900000 0.500000
vt 0.800621 0.500000
vt 0.013813 0.500000
vt 0.811765 0.500000
vt 0.400000 0.500000
vt 0.500000 0.500000
vt 0.654688 0.118815
vt 0.845312 0.381185
vt 0.595782 0.199892
vt 0.654688 0.118815
vt 0.750000 0.087846
vt 0.470818 1.000000
vt 0.429182 1.000000
vt 0.429182 1.000000
vt 0.470818 1.000000
vt 0.466934 1.000000
vt 0.466934 1.000000
vt 0.699357 0.319704
vt 0.668057 0.276624
vt 0.750000 0.336159
vt 0.668058 0.223376
vt 0.800643 0.319704
vt 0.750000 0.336159
vt 0.750000 0.336159
vt 0.800643 0.319704
vt 0.750000 0.336159
vt 0.750000 0.336159
vt 0.800643 0.319704
vt 0.800643 0.319704
vt 0.800643 0.319704
vt 0.800643 0.319704
vt 0.800643 0.319704
vt 0.750000 0.336159
vt 0.750000 0.336159
vt 0.750000 0.336159
vt 0.800643 0.319704
vt 0.800643 0.319704
vt 0.800643 0.319704
vt 0.750000 0.336159
vt 0.800643 0.319704
vt 0.800643 0.319704
vt 0.750000 0.336159
vt 0.800643 0.319704
vt 0.750000 0.336159
vt 0.800643 0.319704
vt 0.800643 0.319704
vt 0.800643 0.319704
vt 0.750000 0.336159
s 0
usemtl solarpanel
f 1265/57/395 1268/57/395 1272/57/395 1269/57/395
f 1273/57/396 1274/57/396 1276/57/396 1275/57/396
f 1277/57/396 1278/57/396 1280/57/396 1279/57/396
f 1281/57/395 1282/57/395 1284/57/395 1283/57/395
usemtl solarpanel.001
f 3185/57/42 3070/57/42 3073/57/42 3184/57/42
f 3187/57/42 3074/57/42 3077/57/42 3186/57/42
f 3179/57/42 3078/57/42 3071/57/42 3188/57/42
f 3183/57/42 3076/57/42 3069/57/42 3182/57/42
f 3181/57/42 3072/57/42 3075/57/42 3180/57/42
f 3180/57/42 3075/57/42 3078/57/42 3179/57/42
f 3182/57/42 3069/57/42 3072/57/42 3181/57/42
f 3184/57/42 3073/57/42 3076/57/42 3183/57/42
f 3186/57/42 3077/57/42 3070/57/42 3185/57/42
f 3188/57/42 3071/57/42 3074/57/42 3187/57/42
f 3236/57/42 3263/57/42 3266/57/42 3229/57/42
f 3230/57/42 3265/57/42 3250/57/42 3231/57/42
f 3232/57/42 3249/57/42 3252/57/42 3233/57/42
f 3262/57/42 3237/57/42 3234/57/42 3251/57/42
f 3240/57/42 3267/57/42 3264/57/42 3235/57/42
f 3238/57/42 3261/57/42 3254/57/42 3241/57/42
f 3248/57/42 3257/57/42 3268/57/42 3239/57/42
f 3260/57/42 3243/57/42 3242/57/42 3253/57/42
f 3244/57/42 3259/57/42 3256/57/42 3245/57/42
f 3246/57/42 3255/57/42 3258/57/42 3247/57/42
usemtl glowred
f 1588/131/172 1587/135/172 522/117/172 521/116/172
f 1590/125/16 1589/161/16 529/126/16 528/125/16
f 1592/121/19 1591/122/19 526/122/19 525/121/19
f 1587/135/9 1593/162/9 523/119/9 522/117/9
f 1589/161/146 1594/133/146 530/127/146 529/126/146
f 1591/122/18 1595/124/18 527/124/18 526/122/18
f 1593/162/22 1596/120/22 524/120/22 523/119/22
f 1594/133/14 1588/131/14 521/116/14 530/127/14
f 1595/124/17 1590/125/17 528/125/17 527/124/17
f 1596/120/135 1592/121/135 525/121/135 524/120/135
f 953/182/14 951/180/14 1752/180/14 1753/182/14
f 943/171/19 942/170/19 1747/170/19 1748/171/19
f 957/186/16 955/184/16 1754/184/16 1755/186/16
f 947/176/22 945/174/22 1749/174/22 1750/176/22
f 942/170/18 959/188/18 1756/188/18 1747/170/18
f 951/180/21 949/178/21 1751/178/21 1752/180/21
f 992/205/21 991/207/21 995/207/21 996/205/21
f 989/206/319 990/204/319 994/204/319 993/206/319
f 3300/158/18 3299/160/18 1123/147/18 1121/146/18
f 3302/153/146 3301/159/146 1117/151/146 1120/153/146
f 3304/149/22 3303/148/22 1116/148/22 1115/149/22
f 3306/150/172 3305/213/172 1122/154/172 1118/150/172
f 3307/152/19 3300/158/19 1121/146/19 1119/152/19
f 3301/159/14 3306/150/14 1118/150/14 1117/151/14
f 3299/160/17 3308/155/17 1124/155/17 1123/147/17
f 3305/213/160 3304/149/160 1115/149/160 1122/154/160
f 3303/148/20 3307/152/20 1119/152/20 1116/148/20
f 3308/155/16 3302/153/16 1120/153/16 1124/155/16
f 1414/218/16 1413/219/16 1240/220/16 1244/218/16
f 1383/145/14 1384/131/14 1175/131/14 1184/127/14
f 1384/131/21 1385/221/21 1176/134/21 1175/131/21
f 1385/221/9 1386/174/9 1177/136/9 1176/134/9
f 1386/174/22 1387/222/22 1178/120/22 1177/136/22
f 1387/222/20 1388/223/20 1179/121/20 1178/120/20
f 1388/223/19 1389/122/19 1180/122/19 1179/121/19
f 1389/122/18 1390/132/18 1181/132/18 1180/122/18
f 1390/132/17 1391/141/17 1182/141/17 1181/132/17
f 1391/141/16 1392/161/16 1183/143/16 1182/141/16
f 1392/161/146 1383/145/146 1184/127/146 1183/143/146
f 1416/242/18 1415/241/18 1243/241/18 1241/239/18
f 1413/219/15 1417/237/15 1237/237/15 1240/220/15
f 1419/235/22 1418/234/22 1236/234/22 1235/235/22
f 1421/243/21 1420/240/21 1242/240/21 1238/236/21
f 1422/238/19 1416/242/19 1241/239/19 1239/238/19
f 1417/237/14 1421/243/14 1238/236/14 1237/237/14
f 1415/241/17 1414/218/17 1244/218/17 1243/241/17
f 1420/240/9 1419/235/9 1235/235/9 1242/240/9
f 1418/234/20 1422/238/20 1239/238/20 1236/234/20
f 1369/207/441 1367/206/441 1371/206/441 1373/207/441
f 1370/205/403 1369/207/403 1373/207/403 1374/205/403
f 1368/204/444 1370/205/444 1374/205/444 1372/204/444
f 1367/206/445 1368/204/445 1372/204/445 1371/206/445
f 1393/119/22 1400/120/22 1411/120/22 1403/119/22
f 1401/125/16 1402/126/16 1412/126/16 1406/125/16
f 1402/126/15 1398/127/15 1409/127/15 1412/126/15
f 1397/116/172 1394/117/172 1407/117/172 1405/116/172
f 1395/124/17 1401/125/17 1406/125/17 1404/124/17
f 1400/120/20 1399/121/20 1410/121/20 1411/120/20
f 1399/121/19 1396/122/19 1408/122/19 1410/121/19
f 1398/127/14 1397/116/14 1405/116/14 1409/127/14
f 1396/122/185 1395/124/185 1404/124/185 1408/122/185
f 1394/117/9 1393/119/9 1403/119/9 1407/117/9
f 1123/147/42 1124/155/42 1451/155/42 1452/212/42
f 1121/146/42 1123/147/42 1452/212/42 1450/146/42
f 1124/155/163 1120/153/163 1447/232/163 1451/155/163
f 1119/152/42 1121/146/42 1450/146/42 1446/152/42
f 1118/150/42 1122/154/42 1445/231/42 1449/150/42
f 1117/151/42 1118/150/42 1449/150/42 1448/233/42
f 1120/153/42 1117/151/42 1448/233/42 1447/232/42
f 1116/148/42 1119/152/42 1446/152/42 1444/230/42
f 1122/154/162 1115/149/162 1443/229/162 1445/231/162
f 1115/149/42 1116/148/42 1444/230/42 1443/229/42
f 1553/119/22 1560/120/22 1571/120/22 1563/119/22
f 1561/125/16 1562/126/16 1572/126/16 1566/125/16
f 1562/126/15 1558/127/15 1569/127/15 1572/126/15
f 1557/116/21 1554/117/21 1567/117/21 1565/116/21
f 1555/124/17 1561/125/17 1566/125/17 1564/124/17
f 1560/120/20 1559/121/20 1570/121/20 1571/120/20
f 1559/121/19 1556/122/19 1568/122/19 1570/121/19
f 1558/127/14 1557/116/14 1565/116/14 1569/127/14
f 1556/122/18 1555/124/18 1564/124/18 1568/122/18
f 1554/117/9 1553/119/9 1563/119/9 1567/117/9
f 1059/121/19 1060/122/19 1606/122/19 1605/121/19
f 1063/126/15 1064/127/15 1602/133/15 1597/126/15
f 1060/122/18 1061/124/18 1600/210/18 1606/122/18
f 1057/119/22 1058/120/22 1601/163/22 1599/209/22
f 1064/127/14 1055/116/14 1604/166/14 1602/133/14
f 1061/124/161 1062/125/161 1598/125/161 1600/210/161
f 1058/120/135 1059/121/135 1605/121/135 1601/163/135
f 1055/116/21 1056/117/21 1603/208/21 1604/166/21
f 1062/125/16 1063/126/16 1597/126/16 1598/125/16
f 1056/117/160 1057/119/160 1599/209/160 1603/208/160
f 1623/260/19 1626/122/19 1625/122/19 1624/121/19
f 1607/126/146 1618/133/146 1617/133/146 1608/126/146
f 1626/122/185 1613/132/185 1614/132/185 1625/122/185
f 1612/129/22 1615/261/22 1616/120/22 1611/129/22
f 1618/133/14 1621/262/14 1622/131/14 1617/133/14
f 1613/132/17 1609/130/17 1610/130/17 1614/132/17
f 1615/261/20 1623/260/20 1624/121/20 1616/120/20
f 1621/262/172 1619/128/172 1620/128/172 1622/131/172
f 1609/130/16 1607/126/16 1608/126/16 1610/130/16
f 1619/128/9 1612/129/9 1611/129/9 1620/128/9
f 1645/264/15 1640/263/15 1639/159/15 1646/153/15
f 1635/158/18 1644/160/18 1643/160/18 1636/158/18
f 1641/217/16 1645/264/16 1646/153/16 1642/155/16
f 1627/265/20 1638/225/20 1637/157/20 1628/148/20
f 1631/267/160 1630/266/160 1629/156/160 1632/154/160
f 1644/160/17 1641/217/17 1642/155/17 1643/160/17
f 1640/263/14 1634/268/14 1633/150/14 1639/159/14
f 1638/225/19 1635/158/19 1636/158/19 1637/157/19
f 1634/268/21 1631/267/21 1632/154/21 1633/150/21
f 1630/266/22 1627/265/22 1628/148/22 1629/156/22
f 1676/26/14 1667/27/14 1677/27/14 1686/26/14
f 1673/30/17 1674/29/17 1684/29/17 1683/30/17
f 1667/17/172 1668/18/172 1678/18/172 1677/17/172
f 1670/25/20 1671/32/20 1681/32/20 1680/25/20
f 1674/29/16 1675/28/16 1685/28/16 1684/29/16
f 1671/32/19 1672/31/19 1682/31/19 1681/32/19
f 1668/18/9 1669/24/9 1679/24/9 1678/18/9
f 1675/28/15 1676/26/15 1686/26/15 1685/28/15
f 1669/24/22 1670/25/22 1680/25/22 1679/24/22
f 1672/31/185 1673/30/185 1683/30/185 1682/31/185
f 949/178/160 947/176/160 1750/176/160 1751/178/160
f 959/188/161 957/186/161 1755/186/161 1756/188/161
f 945/174/135 943/171/135 1748/171/135 1749/174/135
f 955/184/146 953/182/146 1753/182/146 1754/184/146
f 1796/26/21 1787/27/21 1797/27/21 1806/26/21
f 1793/30/135 1794/29/135 1804/29/135 1803/30/135
f 1787/17/14 1788/18/14 1798/18/14 1797/17/14
f 1790/25/161 1791/32/161 1801/32/161 1800/25/161
f 1794/29/22 1795/28/22 1805/28/22 1804/29/22
f 1791/32/18 1792/31/18 1802/31/18 1801/32/18
f 1788/18/146 1789/24/146 1799/24/146 1798/18/146
f 1795/28/160 1796/26/160 1806/26/160 1805/28/160
f 1789/24/16 1790/25/16 1800/25/16 1799/24/16
f 1792/31/19 1793/30/19 1803/30/19 1802/31/19
f 1887/55/15 1906/1/15 1893/1/15 1888/54/15
f 1906/1/16 1905/56/16 1894/56/16 1893/1/16
f 1905/56/17 1904/8/17 1895/8/17 1894/56/17
f 1904/8/185 1903/21/185 1896/7/185 1895/8/185
f 1903/21/19 1902/4/19 1897/4/19 1896/7/19
f 1902/4/20 1901/3/20 1898/3/20 1897/4/20
f 1901/3/22 1900/14/22 1899/14/22 1898/3/22
f 1889/19/14 1887/55/14 1888/54/14 1890/19/14
f 1891/11/172 1889/10/172 1890/10/172 1892/11/172
f 1900/14/9 1891/11/9 1892/11/9 1899/14/9
f 1915/57/297 1918/57/297 1913/57/297 1914/57/297
f 1914/57/42 1913/57/42 1911/57/42 1912/57/42
f 1912/57/147 1911/57/147 1917/57/147 1916/57/147
f 1933/37/14 1948/38/14 1935/38/14 1934/37/14
f 1931/269/22 1947/34/22 1936/34/22 1932/33/22
f 1929/36/18 1946/42/18 1937/42/18 1930/36/18
f 1948/38/15 1945/41/15 1938/41/15 1935/38/15
f 1947/34/9 1944/40/9 1939/40/9 1936/34/9
f 1946/42/19 1943/43/19 1940/39/19 1937/42/19
f 1945/41/16 1942/35/16 1941/35/16 1938/41/16
f 1944/40/21 1933/37/21 1934/37/21 1939/40/21
f 1943/43/20 1931/269/20 1932/33/20 1940/39/20
f 1942/35/17 1929/36/17 1930/36/17 1941/35/17
f 1961/16/21 1960/10/21 1959/11/21 1970/15/21
f 1970/15/9 1959/11/9 1962/14/9 1971/274/9
f 1971/274/22 1962/14/22 1963/3/22 1972/273/22
f 1972/273/20 1963/3/20 1964/4/20 1973/272/20
f 1973/272/19 1964/4/19 1965/7/19 1974/6/19
f 1974/6/18 1965/7/18 1966/8/18 1975/5/18
f 1975/5/17 1966/8/17 1967/13/17 1976/9/17
f 1976/9/16 1967/13/16 1968/1/16 1977/12/16
f 1977/12/15 1968/1/15 1969/2/15 1978/270/15
f 1978/270/14 1969/2/14 1960/19/14 1961/271/14
f 2129/275/22 2130/28/22 2110/289/22 2115/275/22
f 2130/28/9 2131/26/9 2111/26/9 2110/289/9
f 2131/26/21 2132/27/21 2127/27/21 2111/26/21
f 2133/303/20 2129/275/20 2115/275/20 2114/30/20
f 2134/304/19 2133/303/19 2114/30/19 2119/31/19
f 2135/32/18 2134/304/18 2119/31/18 2118/294/18
f 2136/25/17 2135/32/17 2118/294/17 2123/25/17
f 2137/24/16 2136/25/16 2123/25/16 2122/24/16
f 2138/299/15 2137/24/15 2122/24/15 2126/299/15
f 2132/17/14 2138/299/14 2126/299/14 2127/17/14
f 2229/275/22 2230/28/22 2210/289/22 2215/275/22
f 2230/28/9 2231/26/9 2211/26/9 2210/289/9
f 2231/26/172 2232/27/172 2227/27/172 2211/26/172
f 2233/303/135 2229/275/135 2215/275/135 2214/30/135
f 2234/304/19 2233/303/19 2214/30/19 2219/31/19
f 2235/32/185 2234/304/185 2219/31/185 2218/294/185
f 2236/25/161 2235/32/161 2218/294/161 2223/25/161
f 2237/24/16 2236/25/16 2223/25/16 2222/24/16
f 2238/299/146 2237/24/146 2222/24/146 2226/299/146
f 2232/17/14 2238/299/14 2226/299/14 2227/17/14
f 2329/275/22 2330/28/22 2310/289/22 2315/275/22
f 2330/28/160 2331/26/160 2311/26/160 2310/289/160
f 2331/26/172 2332/27/172 2327/27/172 2311/26/172
f 2333/303/135 2329/275/135 2315/275/135 2314/30/135
f 2334/304/19 2333/303/19 2314/30/19 2319/31/19
f 2335/32/185 2334/304/185 2319/31/185 2318/294/185
f 2336/25/161 2335/32/161 2318/294/161 2323/25/161
f 2337/24/16 2336/25/16 2323/25/16 2322/24/16
f 2338/299/146 2337/24/146 2322/24/146 2326/299/146
f 2332/17/14 2338/299/14 2326/299/14 2327/17/14
f 2429/275/22 2430/28/22 2410/289/22 2415/275/22
f 2430/28/160 2431/26/160 2411/26/160 2410/289/160
f 2431/26/172 2432/27/172 2427/27/172 2411/26/172
f 2433/303/135 2429/275/135 2415/275/135 2414/30/135
f 2434/304/19 2433/303/19 2414/30/19 2419/31/19
f 2435/32/185 2434/304/185 2419/31/185 2418/294/185
f 2436/25/161 2435/32/161 2418/294/161 2423/25/161
f 2437/24/16 2436/25/16 2423/25/16 2422/24/16
f 2438/299/146 2437/24/146 2422/24/146 2426/299/146
f 2432/17/14 2438/299/14 2426/299/14 2427/17/14
f 2529/275/22 2530/28/22 2510/289/22 2515/275/22
f 2530/28/160 2531/26/160 2511/26/160 2510/289/160
f 2531/26/172 2532/27/172 2527/27/172 2511/26/172
f 2533/303/135 2529/275/135 2515/275/135 2514/30/135
f 2534/304/19 2533/303/19 2514/30/19 2519/31/19
f 2535/32/185 2534/304/185 2519/31/185 2518/294/185
f 2536/25/161 2535/32/161 2518/294/161 2523/25/161
f 2537/24/16 2536/25/16 2523/25/16 2522/24/16
f 2538/299/146 2537/24/146 2522/24/146 2526/299/146
f 2532/17/14 2538/299/14 2526/299/14 2527/17/14
f 2629/275/22 2630/28/22 2610/289/22 2615/275/22
f 2630/28/160 2631/26/160 2611/26/160 2610/289/160
f 2631/26/172 2632/27/172 2627/27/172 2611/26/172
f 2633/303/135 2629/275/135 2615/275/135 2614/30/135
f 2634/304/19 2633/303/19 2614/30/19 2619/31/19
f 2635/32/185 2634/304/185 2619/31/185 2618/294/185
f 2636/25/161 2635/32/161 2618/294/161 2623/25/161
f 2637/24/16 2636/25/16 2623/25/16 2622/24/16
f 2638/299/146 2637/24/146 2622/24/146 2626/299/146
f 2632/17/14 2638/299/14 2626/299/14 2627/17/14
f 2729/275/22 2730/28/22 2710/289/22 2715/275/22
f 2730/28/9 2731/26/9 2711/26/9 2710/289/9
f 2731/26/172 2732/27/172 2727/27/172 2711/26/172
f 2733/303/20 2729/275/20 2715/275/20 2714/30/20
f 2734/304/19 2733/303/19 2714/30/19 2719/31/19
f 2735/32/185 2734/304/185 2719/31/185 2718/294/185
f 2736/25/17 2735/32/17 2718/294/17 2723/25/17
f 2737/24/16 2736/25/16 2723/25/16 2722/24/16
f 2738/299/15 2737/24/15 2722/24/15 2726/299/15
f 2732/17/14 2738/299/14 2726/299/14 2727/17/14
f 2829/275/22 2830/28/22 2810/289/22 2815/275/22
f 2830/28/9 2831/26/9 2811/26/9 2810/289/9
f 2831/26/172 2832/27/172 2827/27/172 2811/26/172
f 2833/303/135 2829/275/135 2815/275/135 2814/30/135
f 2834/304/19 2833/303/19 2814/30/19 2819/31/19
f 2835/32/185 2834/304/185 2819/31/185 2818/294/185
f 2836/25/17 2835/32/17 2818/294/17 2823/25/17
f 2837/24/16 2836/25/16 2823/25/16 2822/24/16
f 2838/299/146 2837/24/146 2822/24/146 2826/299/146
f 2832/17/14 2838/299/14 2826/299/14 2827/17/14
f 2929/275/22 2930/28/22 2910/289/22 2915/275/22
f 2930/28/160 2931/26/160 2911/26/160 2910/289/160
f 2931/26/172 2932/27/172 2927/27/172 2911/26/172
f 2933/303/135 2929/275/135 2915/275/135 2914/30/135
f 2934/304/19 2933/303/19 2914/30/19 2919/31/19
f 2935/32/185 2934/304/185 2919/31/185 2918/294/185
f 2936/25/161 2935/32/161 2918/294/161 2923/25/161
f 2937/24/16 2936/25/16 2923/25/16 2922/24/16
f 2938/299/146 2937/24/146 2922/24/146 2926/299/146
f 2932/17/14 2938/299/14 2926/299/14 2927/17/14
f 3029/275/22 3030/28/22 3010/289/22 3015/275/22
f 3030/28/160 3031/26/160 3011/26/160 3010/289/160
f 3031/26/172 3032/27/172 3027/27/172 3011/26/172
f 3033/303/135 3029/275/135 3015/275/135 3014/30/135
f 3034/304/19 3033/303/19 3014/30/19 3019/31/19
f 3035/32/185 3034/304/185 3019/31/185 3018/294/185
f 3036/25/161 3035/32/161 3018/294/161 3023/25/161
f 3037/24/16 3036/25/16 3023/25/16 3022/24/16
f 3038/299/146 3037/24/146 3022/24/146 3026/299/146
f 3032/17/14 3038/299/14 3026/299/14 3027/17/14
f 3089/127/185 3090/116/185 3102/116/185 3106/127/185
f 3094/122/14 3091/124/14 3101/305/14 3105/122/14
f 3097/117/135 3098/119/135 3104/162/135 3107/117/135
f 3098/119/22 3095/120/22 3100/120/22 3104/162/22
f 3092/125/16 3093/126/16 3103/126/16 3108/142/16
f 3093/126/17 3089/127/17 3106/127/17 3103/126/17
f 3090/116/19 3097/117/19 3107/117/19 3102/116/19
f 3091/124/146 3092/125/146 3108/142/146 3101/305/146
f 3095/120/9 3096/121/9 3099/121/9 3100/120/9
f 3096/121/172 3094/122/172 3105/122/172 3099/121/172
f 3135/133/18 3144/131/18 3143/131/18 3136/133/18
f 3129/122/14 3142/124/14 3141/124/14 3130/122/14
f 3133/306/20 3146/165/20 3145/165/20 3134/164/20
f 3146/165/22 3138/163/22 3137/163/22 3145/165/22
f 3131/125/16 3140/126/16 3139/126/16 3132/125/16
f 3140/126/17 3135/133/17 3136/133/17 3139/126/17
f 3144/131/19 3133/306/19 3134/164/19 3143/131/19
f 3142/124/15 3131/125/15 3132/125/15 3141/124/15
f 3138/163/9 3148/121/9 3147/121/9 3137/163/9
f 3148/121/21 3129/122/21 3130/122/21 3147/121/21
f 780/119/22 777/120/22 3156/163/22 3149/162/22
f 774/125/16 775/126/16 3158/126/16 3157/142/16
f 775/126/17 771/127/17 3154/145/17 3158/126/17
f 772/116/19 779/117/19 3150/164/19 3153/166/19
f 773/124/15 774/125/15 3157/142/15 3151/124/15
f 777/120/9 778/121/9 3155/121/9 3156/163/9
f 778/121/207 776/122/207 3152/122/207 3155/121/207
f 771/127/185 772/116/185 3153/166/185 3154/145/185
f 776/122/14 773/124/14 3151/124/14 3152/122/14
f 779/117/20 780/119/20 3149/162/20 3150/164/20
f 3227/163/671 3214/121/671 3213/139/671 3228/163/671
f 3225/308/269 3212/307/269 3211/130/269 3226/132/269
f 3223/133/268 3210/167/268 3209/167/268 3224/133/268
f 3221/209/267 3227/163/267 3228/163/267 3222/169/267
f 3219/309/672 3225/308/672 3226/132/672 3220/122/672
f 3217/161/265 3223/133/265 3224/133/265 3218/161/265
f 3215/306/264 3221/209/264 3222/169/264 3216/168/264
f 3214/121/263 3219/309/263 3220/122/263 3213/139/263
f 3212/307/262 3217/161/262 3218/161/262 3211/130/262
f 3210/167/261 3215/306/261 3216/168/261 3209/167/261
f 3278/258/18 3277/315/18 3280/314/18 3279/257/18
f 2025/30/20 2026/29/20 3293/275/20 3298/278/20
f 2028/26/172 2019/27/172 3291/27/172 3297/277/172
f 2021/24/16 2022/25/16 3289/25/16 3296/24/16
f 2024/31/19 2025/30/19 3298/278/19 3295/276/19
f 2027/28/9 2028/26/9 3297/277/9 3294/28/9
f 2020/18/15 2021/24/15 3296/24/15 3292/18/15
f 2023/32/185 2024/31/185 3295/276/185 3290/32/185
f 2026/29/22 2027/28/22 3294/28/22 3293/275/22
f 2019/17/14 2020/18/14 3292/18/14 3291/17/14
f 2022/25/17 2023/32/17 3290/32/17 3289/25/17
f 3387/150/172 3383/154/172 3395/154/172 3399/150/172
f 3385/324/298 3390/321/298 3402/321/298 3397/324/298
f 3393/326/185 3394/154/185 3406/154/185 3405/326/185
f 3389/150/172 3387/150/172 3399/150/172 3401/150/172
f 3394/154/185 3388/150/185 3400/150/185 3406/154/185
f 3390/321/697 3389/150/697 3401/150/697 3402/321/697
f 3384/326/696 3392/213/696 3404/213/696 3396/326/696
f 3383/154/172 3384/326/172 3396/326/172 3395/154/172
f 3391/213/694 3393/326/694 3405/326/694 3403/213/694
f 3392/213/295 3391/213/295 3403/213/295 3404/213/295
f 3388/150/185 3386/325/185 3398/325/185 3400/150/185
f 3386/325/695 3385/324/695 3397/324/695 3398/325/695
f 3500/336/696 3499/154/696 3511/154/696 3512/338/696
f 3495/335/295 3500/336/295 3512/338/295 3507/339/295
f 3491/325/18 3494/320/18 3506/320/18 3503/340/18
f 3492/150/172 3502/337/172 3514/337/172 3504/150/172
f 3493/320/21 3492/150/21 3504/150/21 3505/320/21
f 3499/154/172 3493/320/172 3505/320/172 3511/154/172
f 3502/337/697 3501/318/697 3513/318/697 3514/337/697
f 3496/328/694 3495/335/694 3507/339/694 3508/327/694
f 3497/325/185 3491/325/185 3503/340/185 3509/318/185
f 3494/320/185 3496/328/185 3508/327/185 3506/320/185
f 3498/325/695 3497/325/695 3509/318/695 3510/318/695
f 3501/318/298 3498/325/298 3510/318/298 3513/318/298
usemtl base
f 39/1/1 40/2/1 1969/2/1 1968/1/1
f 34/3/2 35/4/2 1964/4/2 1963/3/2
f 1955/5/3 1954/6/3 1974/6/3 1975/5/3
f 36/7/4 37/8/4 1966/8/4 1965/7/4
f 1956/9/5 1955/5/5 1975/5/5 1976/9/5
f 32/10/6 31/11/6 1959/11/6 1960/10/6
f 1957/12/7 1956/9/7 1976/9/7 1977/12/7
f 38/13/8 39/1/8 1968/1/8 1967/13/8
f 6/14/9 4/11/9 21/11/9 23/14/9
f 33/14/10 34/3/10 1963/3/10 1962/14/10
f 1950/15/11 1949/16/11 1961/16/11 1970/15/11
f 1/17/12 3/18/12 252/18/12 251/17/12
f 44/3/13 64/3/13 65/4/13 45/4/13
f 2/19/14 20/2/14 30/2/14 22/19/14
f 20/2/15 18/20/15 29/1/15 30/2/15
f 18/20/16 16/13/16 28/13/16 29/1/16
f 16/13/17 14/8/17 27/8/17 28/13/17
f 14/8/18 12/21/18 26/21/18 27/8/18
f 12/21/19 10/4/19 25/4/19 26/21/19
f 10/4/20 8/3/20 24/3/20 25/4/20
f 4/11/21 2/10/21 22/10/21 21/11/21
f 8/3/22 6/14/22 23/14/22 24/3/22
f 49/1/23 69/1/23 70/2/23 50/2/23
f 49/1/24 48/13/24 68/13/24 69/1/24
f 45/4/25 65/4/25 66/7/25 46/7/25
f 41/11/26 61/11/26 63/14/26 43/14/26
f 46/7/27 66/7/27 67/8/27 47/8/27
f 43/14/28 63/14/28 64/3/28 44/3/28
f 50/2/29 70/2/29 62/19/29 42/19/29
f 47/8/30 67/8/30 68/13/30 48/13/30
f 2/10/31 4/11/31 31/11/31 32/10/31
f 4/11/32 6/14/32 33/14/32 31/11/32
f 6/14/33 8/3/33 34/3/33 33/14/33
f 8/3/34 10/4/34 35/4/34 34/3/34
f 10/4/35 12/21/35 36/7/35 35/4/35
f 12/21/36 14/8/36 37/8/36 36/7/36
f 14/8/37 16/13/37 38/13/37 37/8/37
f 16/13/38 18/20/38 39/1/38 38/13/38
f 18/20/39 20/2/39 40/2/39 39/1/39
f 20/2/40 2/19/40 32/19/40 40/2/40
f 21/11/41 22/10/41 42/10/41 41/11/41
f 23/14/42 21/11/42 41/11/42 43/14/42
f 24/3/42 23/14/42 43/14/42 44/3/42
f 25/4/42 24/3/42 44/3/42 45/4/42
f 26/21/42 25/4/42 45/4/42 46/7/42
f 27/8/42 26/21/42 46/7/42 47/8/42
f 28/13/43 27/8/43 47/8/43 48/13/43
f 29/1/43 28/13/43 48/13/43 49/1/43
f 30/2/41 29/1/41 49/1/41 50/2/41
f 22/19/41 30/2/41 50/2/41 42/19/41
f 57/22/17 58/23/17 268/23/17 267/22/17
f 5/24/44 7/25/44 254/25/44 253/24/44
f 3/18/45 5/24/45 253/24/45 252/18/45
f 19/26/46 1/27/46 251/27/46 260/26/46
f 17/28/47 19/26/47 260/26/47 259/28/47
f 15/29/48 17/28/48 259/28/48 258/29/48
f 13/30/49 15/29/49 258/29/49 257/30/49
f 11/31/50 13/30/50 257/30/50 256/31/50
f 9/32/51 11/31/51 256/31/51 255/32/51
f 7/25/52 9/32/52 255/32/52 254/25/52
f 84/33/53 83/34/53 93/34/53 94/33/53
f 162/35/54 161/36/54 107/36/54 108/35/54
f 82/37/55 90/38/55 100/38/55 92/37/55
f 88/35/56 87/36/56 97/36/56 98/35/56
f 85/39/57 84/33/57 94/33/57 95/39/57
f 81/40/58 82/37/58 92/37/58 91/40/58
f 89/41/59 88/35/59 98/35/59 99/41/59
f 86/42/60 85/39/60 95/39/60 96/42/60
f 83/34/61 81/40/61 91/40/61 93/34/61
f 90/38/62 89/41/62 99/41/62 100/38/62
f 87/36/63 86/42/63 96/42/63 97/36/63
f 105/39/64 104/33/64 114/33/64 115/39/64
f 164/39/65 163/33/65 104/33/65 105/39/65
f 166/40/66 165/37/66 102/37/66 101/40/66
f 167/41/67 162/35/67 108/35/67 109/41/67
f 168/42/68 164/39/68 105/39/68 106/42/68
f 169/34/69 166/40/69 101/40/69 103/34/69
f 170/38/70 167/41/70 109/41/70 110/38/70
f 161/36/71 168/42/71 106/42/71 107/36/71
f 163/33/72 169/34/72 103/34/72 104/33/72
f 165/37/73 170/38/73 110/38/73 102/37/73
f 111/40/21 112/37/21 122/37/21 121/40/21
f 101/40/74 102/37/74 112/37/74 111/40/74
f 109/41/75 108/35/75 118/35/75 119/41/75
f 106/42/76 105/39/76 115/39/76 116/42/76
f 103/34/77 101/40/77 111/40/77 113/34/77
f 110/38/78 109/41/78 119/41/78 120/38/78
f 107/36/79 106/42/79 116/42/79 117/36/79
f 104/33/80 103/34/80 113/34/80 114/33/80
f 102/37/81 110/38/81 120/38/81 112/37/81
f 108/35/82 107/36/82 117/36/82 118/35/82
f 129/41/83 128/35/83 138/35/83 139/41/83
f 119/41/16 118/35/16 128/35/16 129/41/16
f 116/42/19 115/39/19 125/39/19 126/42/19
f 113/34/9 111/40/9 121/40/9 123/34/9
f 120/38/15 119/41/15 129/41/15 130/38/15
f 117/36/18 116/42/18 126/42/18 127/36/18
f 114/33/22 113/34/22 123/34/22 124/33/22
f 112/37/14 120/38/14 130/38/14 122/37/14
f 118/35/17 117/36/17 127/36/17 128/35/17
f 115/39/20 114/33/20 124/33/20 125/39/20
f 136/42/19 135/39/19 145/39/19 146/42/19
f 126/42/84 125/39/84 135/39/84 136/42/84
f 123/34/85 121/40/85 131/40/85 133/34/85
f 130/38/86 129/41/86 139/41/86 140/38/86
f 127/36/87 126/42/87 136/42/87 137/36/87
f 124/33/88 123/34/88 133/34/88 134/33/88
f 122/37/89 130/38/89 140/38/89 132/37/89
f 128/35/90 127/36/90 137/36/90 138/35/90
f 125/39/91 124/33/91 134/33/91 135/39/91
f 121/40/92 122/37/92 132/37/92 131/40/92
f 143/34/93 141/40/93 151/40/93 153/34/93
f 133/34/9 131/40/9 141/40/9 143/34/9
f 140/38/15 139/41/15 149/41/15 150/38/15
f 137/36/18 136/42/18 146/42/18 147/36/18
f 134/33/22 133/34/22 143/34/22 144/33/22
f 132/37/14 140/38/14 150/38/14 142/37/14
f 138/35/17 137/36/17 147/36/17 148/35/17
f 135/39/20 134/33/20 144/33/20 145/39/20
f 131/40/21 132/37/21 142/37/21 141/40/21
f 139/41/16 138/35/16 148/35/16 149/41/16
f 151/40/42 152/37/42 160/38/42 159/41/42 158/35/42 157/36/42 156/42/42 155/39/42 154/33/42 153/34/42
f 150/38/94 149/41/94 159/41/94 160/38/94
f 147/36/95 146/42/95 156/42/95 157/36/95
f 144/33/96 143/34/96 153/34/96 154/33/96
f 142/37/97 150/38/97 160/38/97 152/37/97
f 148/35/98 147/36/98 157/36/98 158/35/98
f 145/39/99 144/33/99 154/33/99 155/39/99
f 141/40/100 142/37/100 152/37/100 151/40/100
f 149/41/101 148/35/101 158/35/101 159/41/101
f 146/42/102 145/39/102 155/39/102 156/42/102
f 163/33/103 164/39/103 1940/39/103 1932/33/103
f 1925/38/104 1922/41/104 1945/41/104 1948/38/104
f 170/38/105 165/37/105 1934/37/105 1935/38/105
f 165/37/106 166/40/106 1939/40/106 1934/37/106
f 1924/34/107 1921/40/107 1944/40/107 1947/34/107
f 162/35/108 167/41/108 1938/41/108 1941/35/108
f 1923/42/109 1920/43/109 1943/43/109 1946/42/109
f 164/39/110 168/42/110 1937/42/110 1940/39/110
f 1922/41/111 1919/35/111 1942/35/111 1945/41/111
f 166/40/112 169/34/112 1936/34/112 1939/40/112
f 1249/44/42 1245/45/42 71/40/42 73/34/42
f 1251/46/42 1249/44/42 73/34/42 74/33/42
f 1253/47/42 1251/46/42 74/33/42 75/39/42
f 1255/48/42 1253/47/42 75/39/42 76/42/42
f 1257/49/42 1255/48/42 76/42/42 77/36/42
f 1259/50/42 1257/49/42 77/36/42 78/35/42
f 1261/51/42 1259/50/42 78/35/42 79/41/42
f 1263/52/42 1261/51/42 79/41/42 80/38/42
f 1248/53/42 1263/52/42 80/38/42 72/37/42
f 42/10/113 62/10/113 61/11/113 41/11/113
f 177/54/114 178/19/114 1890/19/114 1888/54/114
f 1584/55/115 1583/1/115 1906/1/115 1887/55/115
f 1586/11/116 1585/10/116 1889/10/116 1891/11/116
f 180/14/117 176/3/117 1898/3/117 1899/14/117
f 1583/1/118 1582/56/118 1905/56/118 1906/1/118
f 1577/14/119 1586/11/119 1891/11/119 1900/14/119
f 176/3/120 175/4/120 1897/4/120 1898/3/120
f 1582/56/121 1581/8/121 1904/8/121 1905/56/121
f 175/4/122 3269/7/122 1896/7/122 1897/4/122
f 1581/8/123 1580/21/123 1903/21/123 1904/8/123
f 181/57/124 182/57/124 192/57/124 191/57/124
f 877/57/124 188/57/124 198/57/124 879/57/124
f 185/57/124 186/57/124 196/57/124 195/57/124
f 893/57/124 183/57/124 193/57/124 895/57/124
f 190/57/124 189/57/124 199/57/124 200/57/124
f 318/57/124 190/57/124 200/57/124 871/57/124
f 183/57/124 184/57/124 194/57/124 193/57/124
f 885/57/124 181/57/124 191/57/124 887/57/124
f 188/57/124 187/57/124 197/57/124 198/57/124
f 330/57/124 185/57/124 195/57/124 327/57/124
f 201/57/42 211/57/42 213/57/42 203/57/42
f 881/57/42 883/57/42 219/57/42 209/57/42
f 206/57/42 216/57/42 217/57/42 207/57/42
f 897/57/42 899/57/42 214/57/42 204/57/42
f 208/57/42 218/57/42 220/57/42 210/57/42
f 873/57/42 875/57/42 218/57/42 208/57/42
f 204/57/42 214/57/42 215/57/42 205/57/42
f 889/57/42 891/57/42 211/57/42 201/57/42
f 209/57/42 219/57/42 212/57/42 202/57/42
f 322/57/42 320/57/42 216/57/42 206/57/42
f 190/57/17 208/57/17 210/57/17 189/57/17
f 893/57/9 897/57/9 204/57/9 183/57/9
f 183/57/21 204/57/21 205/57/21 184/57/21
f 330/57/14 322/57/14 206/57/14 185/57/14
f 185/57/15 206/57/15 207/57/15 186/57/15
f 318/57/16 873/57/16 208/57/16 190/57/16
f 188/57/19 209/57/19 202/57/19 187/57/19
f 885/57/20 889/57/20 201/57/20 181/57/20
f 877/57/18 881/57/18 209/57/18 188/57/18
f 181/57/22 201/57/22 203/57/22 182/57/22
f 223/57/18 222/57/18 302/57/18 303/57/18
f 221/57/17 223/57/17 303/57/17 301/57/17
f 230/57/20 229/57/20 309/57/20 310/57/20
f 225/57/14 227/57/14 307/57/14 305/57/14
f 224/57/9 228/57/9 308/57/9 304/57/9
f 222/57/19 230/57/19 310/57/19 302/57/19
f 228/57/21 225/57/21 305/57/21 308/57/21
f 227/57/15 226/57/15 306/57/15 307/57/15
f 226/57/16 221/57/16 301/57/16 306/57/16
f 229/57/22 224/57/22 304/57/22 309/57/22
f 232/58/125 233/59/125 234/60/125 231/61/125
f 236/62/126 232/58/126 231/61/126 235/63/126
f 238/64/127 236/62/127 235/63/127 237/33/127
f 240/65/128 238/64/128 237/33/128 239/66/128
f 242/67/129 240/65/129 239/66/129 241/68/129
f 244/69/130 242/67/130 241/68/130 243/70/130
f 246/71/131 244/69/131 243/70/131 245/72/131
f 248/73/132 246/71/132 245/72/132 247/74/132
f 250/75/133 248/73/133 247/74/133 249/76/133
f 233/59/134 250/75/134 249/76/134 234/60/134
f 231/61/124 234/60/124 82/37/124 81/40/124
f 73/34/9 71/40/9 232/58/9 236/62/9
f 71/40/21 72/37/21 233/59/21 232/58/21
f 235/63/124 231/61/124 81/40/124 83/34/124
f 234/60/124 249/76/124 90/38/124 82/37/124
f 72/37/14 80/38/14 250/75/14 233/59/14
f 74/33/22 73/34/22 236/62/22 238/64/22
f 237/33/124 235/63/124 83/34/124 84/33/124
f 75/39/135 74/33/135 238/64/135 240/65/135
f 239/66/124 237/33/124 84/33/124 85/39/124
f 76/42/19 75/39/19 240/65/19 242/67/19
f 241/68/124 239/66/124 85/39/124 86/42/124
f 77/36/18 76/42/18 242/67/18 244/69/18
f 243/70/124 241/68/124 86/42/124 87/36/124
f 245/72/124 243/70/124 87/36/124 88/35/124
f 78/35/17 77/36/17 244/69/17 246/71/17
f 79/41/16 78/35/16 246/71/16 248/73/16
f 247/74/124 245/72/124 88/35/124 89/41/124
f 80/38/15 79/41/15 248/73/15 250/75/15
f 249/76/124 247/74/124 89/41/124 90/38/124
f 52/77/124 51/78/124 251/79/124 252/80/124
f 53/81/124 52/77/124 252/80/124 253/82/124
f 54/83/124 53/81/124 253/82/124 254/84/124
f 55/85/124 54/83/124 254/84/124 255/86/124
f 56/87/124 55/85/124 255/86/124 256/88/124
f 57/22/124 56/87/124 256/88/124 257/89/124
f 58/23/124 57/22/124 257/89/124 258/90/124
f 59/91/124 58/23/124 258/90/124 259/92/124
f 60/93/124 59/91/124 259/92/124 260/94/124
f 51/78/124 60/93/124 260/94/124 251/79/124
f 54/83/20 55/85/20 265/85/20 264/83/20
f 51/78/21 52/77/21 262/77/21 261/78/21
f 58/23/16 59/91/16 269/91/16 268/23/16
f 55/85/19 56/87/19 266/87/19 265/85/19
f 52/77/9 53/81/9 263/81/9 262/77/9
f 59/91/15 60/93/15 270/93/15 269/91/15
f 56/87/18 57/22/18 267/22/18 266/87/18
f 53/81/22 54/83/22 264/83/22 263/81/22
f 60/93/14 51/78/14 261/78/14 270/93/14
f 271/78/124 272/77/124 273/81/124 274/83/124 275/85/124 276/87/124 277/22/124 278/23/124 279/91/124 280/93/124
f 282/95/136 283/96/136 284/96/136 281/95/136
f 283/96/137 285/97/137 286/97/137 284/96/137
f 285/97/138 287/98/138 288/99/138 286/97/138
f 287/98/139 289/85/139 290/100/139 288/99/139
f 289/85/140 291/101/140 292/102/140 290/100/140
f 291/101/141 293/22/141 294/103/141 292/102/141
f 293/22/142 295/104/142 296/23/142 294/103/142
f 295/104/143 297/91/143 298/105/143 296/23/143
f 297/91/144 299/93/144 300/93/144 298/105/144
f 299/93/145 282/95/145 281/95/145 300/93/145
f 281/95/21 284/96/21 272/77/21 271/78/21
f 270/93/42 261/78/42 282/95/42 299/93/42
f 261/78/42 262/77/42 283/96/42 282/95/42
f 300/93/14 281/95/14 271/78/14 280/93/14
f 284/96/9 286/97/9 273/81/9 272/77/9
f 262/77/42 263/81/42 285/97/42 283/96/42
f 286/97/22 288/99/22 274/83/22 273/81/22
f 263/81/42 264/83/42 287/98/42 285/97/42
f 288/99/20 290/100/20 275/85/20 274/83/20
f 264/83/42 265/85/42 289/85/42 287/98/42
f 290/100/19 292/102/19 276/87/19 275/85/19
f 265/85/42 266/87/42 291/101/42 289/85/42
f 292/102/18 294/103/18 277/22/18 276/87/18
f 266/87/42 267/22/42 293/22/42 291/101/42
f 294/103/17 296/23/17 278/23/17 277/22/17
f 267/22/42 268/23/42 295/104/42 293/22/42
f 296/23/16 298/105/16 279/91/16 278/23/16
f 268/23/42 269/91/42 297/91/42 295/104/42
f 298/105/146 300/93/146 280/93/146 279/91/146
f 269/91/42 270/93/42 299/93/42 297/91/42
f 1909/57/147 904/57/147 903/57/147 1907/57/147
f 189/57/18 210/57/18 882/57/18 878/57/18
f 186/57/124 317/57/124 872/57/124 196/57/124
f 207/57/42 217/57/42 876/57/42 874/57/42
f 889/57/42 915/57/42 916/57/42 890/57/42
f 186/57/16 207/57/16 874/57/16 317/57/16
f 184/57/124 328/57/124 326/57/124 194/57/124
f 321/57/42 319/57/42 320/57/42 322/57/42
f 330/57/148 906/57/148 907/57/148 322/57/148
f 878/57/124 902/57/124 901/57/124 877/57/124
f 187/57/20 202/57/20 890/57/20 886/57/20
f 305/57/149 315/57/149 316/57/149 308/57/149
f 878/57/124 877/57/124 879/57/124 880/57/124
f 308/57/150 316/57/150 329/57/150 304/57/150
f 189/57/124 878/57/124 880/57/124 199/57/124
f 303/57/151 324/57/151 313/57/151 301/57/151
f 882/57/42 884/57/42 883/57/42 881/57/42
f 210/57/42 220/57/42 884/57/42 882/57/42
f 306/57/152 314/57/152 325/57/152 307/57/152
f 309/57/153 311/57/153 312/57/153 310/57/153
f 317/57/124 318/57/124 871/57/124 872/57/124
f 874/57/42 876/57/42 875/57/42 873/57/42
f 304/57/154 329/57/154 311/57/154 309/57/154
f 301/57/155 313/57/155 314/57/155 306/57/155
f 328/57/124 330/57/124 327/57/124 326/57/124
f 310/57/156 312/57/156 323/57/156 302/57/156
f 205/57/42 215/57/42 319/57/42 321/57/42
f 184/57/14 205/57/14 321/57/14 328/57/14
f 307/57/157 325/57/157 315/57/157 305/57/157
f 302/57/158 323/57/158 324/57/158 303/57/158
f 351/17/21 332/10/21 334/11/21 352/18/21
f 352/18/9 334/11/9 336/14/9 353/24/9
f 353/24/22 336/14/22 338/3/22 354/25/22
f 354/25/135 338/3/135 340/4/135 355/32/135
f 355/32/19 340/4/19 342/7/19 356/31/19
f 356/31/18 342/7/18 344/8/18 357/30/18
f 357/30/17 344/8/17 346/13/17 358/29/17
f 358/29/16 346/13/16 348/1/16 359/28/16
f 334/106/42 332/107/42 350/108/42 348/109/42 346/110/42 344/111/42 342/112/42 340/113/42 338/114/42 336/115/42
f 359/28/15 348/1/15 350/2/15 360/26/15
f 360/26/14 350/2/14 332/19/14 351/27/14
f 331/116/21 333/117/21 362/117/21 361/116/21
f 333/117/124 331/116/124 351/118/124 352/80/124
f 335/119/124 333/117/124 352/80/124 353/82/124
f 337/120/159 335/119/159 353/82/159 354/84/159
f 339/121/124 337/120/124 354/84/124 355/86/124
f 341/122/124 339/121/124 355/86/124 356/123/124
f 343/124/124 341/122/124 356/123/124 357/89/124
f 345/125/124 343/124/124 357/89/124 358/90/124
f 347/126/124 345/125/124 358/90/124 359/92/124
f 349/127/124 347/126/124 359/92/124 360/94/124
f 331/116/124 349/127/124 360/94/124 351/118/124
f 380/116/42 379/117/42 417/117/42 420/116/42
f 345/125/16 347/126/16 369/126/16 368/125/16
f 339/121/19 341/122/19 366/122/19 365/121/19
f 333/117/160 335/119/160 363/119/160 362/117/160
f 347/126/146 349/127/146 370/127/146 369/126/146
f 341/122/18 343/124/18 367/124/18 366/122/18
f 335/119/22 337/120/22 364/120/22 363/119/22
f 349/127/14 331/116/14 361/116/14 370/127/14
f 343/124/161 345/125/161 368/125/161 367/124/161
f 337/120/135 339/121/135 365/121/135 364/120/135
f 1620/128/9 1611/129/9 378/119/9 379/117/9
f 1610/130/16 1608/126/16 372/126/16 373/125/16
f 1622/131/21 1620/128/21 379/117/21 380/116/21
f 1616/120/135 1624/121/135 376/121/135 377/120/135
f 1614/132/17 1610/130/17 373/125/17 374/124/17
f 1617/133/14 1622/131/14 380/116/14 371/127/14
f 1611/129/22 1616/120/22 377/120/22 378/119/22
f 376/121/42 375/122/42 414/122/42 413/121/42
f 374/124/162 373/125/162 411/125/162 416/124/162
f 373/125/163 372/126/163 412/126/163 411/125/163
f 1625/122/18 1614/132/18 374/124/18 375/122/18
f 371/127/164 380/116/164 420/116/164 419/127/164
f 377/120/42 376/121/42 413/121/42 415/120/42
f 378/119/162 377/120/162 415/120/162 418/119/162
f 379/117/162 378/119/162 418/119/162 417/117/162
f 372/126/42 371/127/42 419/127/42 412/126/42
f 375/122/42 374/124/42 416/124/42 414/122/42
f 417/117/160 418/119/160 431/119/160 438/117/160
f 1608/126/146 1617/133/146 371/127/146 372/126/146
f 1624/121/19 1625/122/19 375/122/19 376/121/19
f 392/131/165 393/134/165 394/135/165 391/131/165
f 393/134/166 395/136/166 396/137/166 394/135/166
f 395/136/167 397/120/167 398/138/167 396/137/167
f 397/120/128 399/121/128 400/139/128 398/138/128
f 399/121/129 401/122/129 402/122/129 400/139/129
f 401/122/168 403/132/168 404/140/168 402/122/168
f 403/132/131 405/141/131 406/142/131 404/140/131
f 405/141/169 407/143/169 408/144/169 406/142/169
f 407/143/170 409/127/170 410/145/170 408/144/170
f 409/127/171 392/131/171 391/131/171 410/145/171
f 391/131/124 394/135/124 382/117/124 381/116/124
f 370/127/14 361/116/14 392/131/14 409/127/14
f 361/116/172 362/117/172 393/134/172 392/131/172
f 410/145/159 391/131/159 381/116/159 390/127/159
f 394/135/124 396/137/124 383/119/124 382/117/124
f 362/117/9 363/119/9 395/136/9 393/134/9
f 396/137/159 398/138/159 384/120/159 383/119/159
f 363/119/22 364/120/22 397/120/22 395/136/22
f 398/138/124 400/139/124 385/121/124 384/120/124
f 364/120/20 365/121/20 399/121/20 397/120/20
f 400/139/124 402/122/124 386/122/124 385/121/124
f 365/121/19 366/122/19 401/122/19 399/121/19
f 402/122/159 404/140/159 387/124/159 386/122/159
f 366/122/18 367/124/18 403/132/18 401/122/18
f 404/140/124 406/142/124 388/125/124 387/124/124
f 367/124/17 368/125/17 405/141/17 403/132/17
f 406/142/124 408/144/124 389/126/124 388/125/124
f 368/125/16 369/126/16 407/143/16 405/141/16
f 408/144/124 410/145/124 390/127/124 389/126/124
f 369/126/15 370/127/15 409/127/15 407/143/15
f 427/146/18 429/147/18 449/147/18 447/146/18
f 411/125/16 412/126/16 436/126/16 440/125/16
f 415/120/20 413/121/20 435/121/20 432/120/20
f 414/122/18 416/124/18 439/124/18 437/122/18
f 416/124/17 411/125/17 440/125/17 439/124/17
f 412/126/15 419/127/15 433/127/15 436/126/15
f 420/116/21 417/117/21 438/117/21 434/116/21
f 418/119/22 415/120/22 432/120/22 431/119/22
f 413/121/19 414/122/19 437/122/19 435/121/19
f 419/127/14 420/116/14 434/116/14 433/127/14
f 422/148/124 421/149/124 431/119/124 432/120/124
f 424/150/159 423/151/159 433/127/159 434/116/159
f 425/152/124 422/148/124 432/120/124 435/121/124
f 423/151/124 426/153/124 436/126/124 433/127/124
f 427/146/124 425/152/124 435/121/124 437/122/124
f 421/149/124 428/154/124 438/117/124 431/119/124
f 429/147/124 427/146/124 437/122/124 439/124/124
f 428/154/124 424/150/124 434/116/124 438/117/124
f 430/155/124 429/147/124 439/124/124 440/125/124
f 426/153/124 430/155/124 440/125/124 436/126/124
f 446/153/42 443/151/42 453/151/42 456/153/42
f 426/153/146 423/151/146 443/151/146 446/153/146
f 421/149/22 422/148/22 442/148/22 441/149/22
f 424/150/21 428/154/21 448/154/21 444/150/21
f 425/152/19 427/146/19 447/146/19 445/152/19
f 423/151/14 424/150/14 444/150/14 443/151/14
f 429/147/17 430/155/17 450/155/17 449/147/17
f 428/154/9 421/149/9 441/149/9 448/154/9
f 422/148/20 425/152/20 445/152/20 442/148/20
f 430/155/16 426/153/16 446/153/16 450/155/16
f 1629/156/22 1628/148/22 462/148/22 461/149/22
f 441/149/173 442/148/173 452/148/173 451/149/173
f 444/150/42 448/154/42 458/154/42 454/150/42
f 445/152/42 447/146/42 457/146/42 455/152/42
f 443/151/42 444/150/42 454/150/42 453/151/42
f 449/147/163 450/155/163 460/155/163 459/147/163
f 448/154/42 441/149/42 451/149/42 458/154/42
f 442/148/162 445/152/162 455/152/162 452/148/162
f 450/155/42 446/153/42 456/153/42 460/155/42
f 447/146/43 449/147/43 459/147/43 457/146/43
f 464/150/124 468/154/124 478/154/124 474/150/124
f 1633/150/21 1632/154/21 468/154/21 464/150/21
f 1637/157/19 1636/158/19 467/146/19 465/152/19
f 1639/159/14 1633/150/14 464/150/14 463/151/14
f 1643/160/161 1642/155/161 470/155/161 469/147/161
f 1632/154/9 1629/156/9 461/149/9 468/154/9
f 1628/148/135 1637/157/135 465/152/135 462/148/135
f 1642/155/16 1646/153/16 466/153/16 470/155/16
f 1636/158/18 1643/160/18 469/147/18 467/146/18
f 1646/153/146 1639/159/146 463/151/146 466/153/146
f 475/152/174 477/146/174 487/146/174 485/152/174
f 465/152/124 467/146/124 477/146/124 475/152/124
f 463/151/159 464/150/159 474/150/159 473/151/159
f 469/147/124 470/155/124 480/155/124 479/147/124
f 468/154/175 461/149/175 471/149/175 478/154/175
f 462/148/124 465/152/124 475/152/124 472/148/124
f 470/155/124 466/153/124 476/153/124 480/155/124
f 467/146/159 469/147/159 479/147/159 477/146/159
f 466/153/124 463/151/124 473/151/124 476/153/124
f 461/149/175 462/148/175 472/148/175 471/149/175
f 484/150/124 488/154/124 481/149/124 482/148/124 485/152/124 487/146/124 489/147/124 490/155/124 486/153/124 483/151/124
f 473/151/176 474/150/176 484/150/176 483/151/176
f 479/147/177 480/155/177 490/155/177 489/147/177
f 478/154/178 471/149/178 481/149/178 488/154/178
f 472/148/179 475/152/179 485/152/179 482/148/179
f 480/155/180 476/153/180 486/153/180 490/155/180
f 477/146/181 479/147/181 489/147/181 487/146/181
f 476/153/182 473/151/182 483/151/182 486/153/182
f 471/149/183 472/148/183 482/148/183 481/149/183
f 474/150/184 478/154/184 488/154/184 484/150/184
f 511/17/172 492/10/172 494/11/172 512/18/172
f 512/18/9 494/11/9 496/14/9 513/24/9
f 513/24/22 496/14/22 498/3/22 514/25/22
f 514/25/135 498/3/135 500/4/135 515/32/135
f 515/32/19 500/4/19 502/7/19 516/31/19
f 516/31/185 502/7/185 504/8/185 517/30/185
f 517/30/17 504/8/17 506/13/17 518/29/17
f 518/29/16 506/13/16 508/1/16 519/28/16
f 494/106/42 492/107/42 510/108/42 508/109/42 506/110/42 504/111/42 502/112/42 500/113/42 498/114/42 496/115/42
f 519/28/146 508/1/146 510/2/146 520/26/146
f 520/26/14 510/2/14 492/19/14 511/27/14
f 493/117/159 491/116/159 511/118/159 512/80/159
f 495/119/124 493/117/124 512/80/124 513/82/124
f 497/120/124 495/119/124 513/82/124 514/84/124
f 499/121/124 497/120/124 514/84/124 515/86/124
f 501/122/186 499/121/186 515/86/186 516/123/186
f 503/124/124 501/122/124 516/123/124 517/89/124
f 505/125/124 503/124/124 517/89/124 518/90/124
f 507/126/124 505/125/124 518/90/124 519/92/124
f 509/127/186 507/126/186 519/92/186 520/94/186
f 491/116/124 509/127/124 520/94/124 511/118/124
f 524/120/187 525/121/187 536/121/187 537/120/187
f 523/119/188 524/120/188 537/120/188 538/119/188
f 525/121/189 526/122/189 535/122/189 536/121/189
f 536/121/19 535/122/19 546/122/19 548/121/19
f 529/126/190 530/127/190 531/127/190 532/126/190
f 522/117/191 523/119/191 538/119/191 539/117/191
f 527/124/192 528/125/192 533/125/192 534/124/192
f 530/127/193 521/116/193 540/116/193 531/127/193
f 528/125/194 529/126/194 532/126/194 533/125/194
f 526/122/195 527/124/195 534/124/195 535/122/195
f 521/116/196 522/117/196 539/117/196 540/116/196
f 542/116/162 549/117/162 559/117/162 552/116/162
f 537/120/135 536/121/135 548/121/135 547/120/135
f 534/124/17 533/125/17 544/125/17 543/124/17
f 540/116/21 539/117/21 549/117/21 542/116/21
f 532/126/15 531/127/15 541/127/15 545/126/15
f 533/125/16 532/126/16 545/126/16 544/125/16
f 538/119/22 537/120/22 547/120/22 550/119/22
f 539/117/9 538/119/9 550/119/9 549/117/9
f 535/122/18 534/124/18 543/124/18 546/122/18
f 531/127/14 540/116/14 542/116/14 541/127/14
f 555/126/197 551/127/197 561/127/197 565/126/197
f 545/126/42 541/127/42 551/127/42 555/126/42
f 544/125/162 545/126/162 555/126/162 554/125/162
f 550/119/163 547/120/163 557/120/163 560/119/163
f 549/117/42 550/119/42 560/119/42 559/117/42
f 546/122/42 543/124/42 553/124/42 556/122/42
f 541/127/42 542/116/42 552/116/42 551/127/42
f 548/121/42 546/122/42 556/122/42 558/121/42
f 547/120/163 548/121/163 558/121/163 557/120/163
f 543/124/162 544/125/162 554/125/162 553/124/162
f 564/125/124 565/126/124 575/126/124 574/125/124
f 554/125/198 555/126/198 565/126/198 564/125/198
f 560/119/199 557/120/199 567/120/199 570/119/199
f 559/117/200 560/119/200 570/119/200 569/117/200
f 556/122/201 553/124/201 563/124/201 566/122/201
f 551/127/202 552/116/202 562/116/202 561/127/202
f 558/121/203 556/122/203 566/122/203 568/121/203
f 557/120/204 558/121/204 568/121/204 567/120/204
f 553/124/205 554/125/205 564/125/205 563/124/205
f 552/116/206 559/117/206 569/117/206 562/116/206
f 1407/117/9 1403/119/9 590/119/9 589/117/9
f 570/119/186 567/120/186 577/120/186 580/119/186
f 569/117/124 570/119/124 580/119/124 579/117/124
f 566/122/124 563/124/124 573/124/124 576/122/124
f 561/127/124 562/116/124 572/116/124 571/127/124
f 568/121/159 566/122/159 576/122/159 578/121/159
f 567/120/124 568/121/124 578/121/124 577/120/124
f 563/124/124 564/125/124 574/125/124 573/124/124
f 562/116/124 569/117/124 579/117/124 572/116/124
f 565/126/124 561/127/124 571/127/124 575/126/124
f 582/116/124 589/117/124 590/119/124 587/120/124 588/121/124 586/122/124 583/124/124 584/125/124 585/126/124 581/127/124
f 1408/122/185 1404/124/185 583/124/185 586/122/185
f 1409/127/14 1405/116/14 582/116/14 581/127/14
f 1410/121/19 1408/122/19 586/122/19 588/121/19
f 1411/120/135 1410/121/135 588/121/135 587/120/135
f 1404/124/161 1406/125/161 584/125/161 583/124/161
f 1405/116/207 1407/117/207 589/117/207 582/116/207
f 1412/126/15 1409/127/15 581/127/15 585/126/15
f 1406/125/16 1412/126/16 585/126/16 584/125/16
f 1403/119/22 1411/120/22 587/120/22 590/119/22
f 611/17/19 592/10/19 594/11/19 612/18/19
f 612/18/20 594/11/20 596/14/20 613/24/20
f 613/24/22 596/14/22 598/3/22 614/25/22
f 614/25/9 598/3/9 600/4/9 615/32/9
f 615/32/21 600/4/21 602/7/21 616/31/21
f 616/31/14 602/7/14 604/8/14 617/30/14
f 617/30/15 604/8/15 606/13/15 618/29/15
f 618/29/16 606/13/16 608/1/16 619/28/16
f 594/106/124 592/107/124 610/108/124 608/109/124 606/110/124 604/111/124 602/112/124 600/113/124 598/114/124 596/115/124
f 619/28/17 608/1/17 610/2/17 620/26/17
f 620/26/18 610/2/18 592/19/18 611/27/18
f 591/116/19 593/117/19 622/117/19 621/116/19
f 593/117/43 591/116/43 611/118/43 612/80/43
f 595/119/42 593/117/42 612/80/42 613/82/42
f 597/120/162 595/119/162 613/82/162 614/84/162
f 599/121/42 597/120/42 614/84/42 615/86/42
f 601/122/43 599/121/43 615/86/43 616/123/43
f 603/124/42 601/122/42 616/123/42 617/89/42
f 605/125/42 603/124/42 617/89/42 618/90/42
f 607/126/163 605/125/163 618/90/163 619/92/163
f 609/127/42 607/126/42 619/92/42 620/94/42
f 591/116/42 609/127/42 620/94/42 611/118/42
f 605/125/16 607/126/16 629/126/16 628/125/16
f 599/121/172 601/122/172 626/122/172 625/121/172
f 593/117/135 595/119/135 623/119/135 622/117/135
f 607/126/161 609/127/161 630/127/161 629/126/161
f 601/122/14 603/124/14 627/124/14 626/122/14
f 595/119/22 597/120/22 624/120/22 623/119/22
f 609/127/18 591/116/18 621/116/18 630/127/18
f 603/124/15 605/125/15 628/125/15 627/124/15
f 597/120/9 599/121/9 625/121/9 624/120/9
f 624/120/208 625/121/208 636/121/208 637/120/208
f 623/119/209 624/120/209 637/120/209 638/119/209
f 625/121/210 626/122/210 635/122/210 636/121/210
f 648/121/211 1270/121/211 1297/121/211 1293/121/211
f 629/126/212 630/127/212 631/127/212 632/126/212
f 622/117/213 623/119/213 638/119/213 639/117/213
f 627/124/214 628/125/214 633/125/214 634/124/214
f 630/127/215 621/116/215 640/116/215 631/127/215
f 628/125/216 629/126/216 632/126/216 633/125/216
f 626/122/217 627/124/217 634/124/217 635/122/217
f 621/116/218 622/117/218 639/117/218 640/116/218
f 642/116/186 649/117/186 659/117/186 652/116/186
f 1267/120/160 1270/121/160 648/121/160 647/120/160
f 1285/124/146 1266/125/146 644/125/146 643/124/146
f 1287/116/19 1286/128/19 649/117/19 642/116/19
f 1289/126/17 1288/133/17 641/127/17 645/126/17
f 1266/125/16 1289/126/16 645/126/16 644/125/16
f 1290/119/22 1267/120/22 647/120/22 650/119/22
f 1286/128/20 1290/119/20 650/119/20 649/117/20
f 1271/122/14 1285/124/14 643/124/14 646/122/14
f 641/127/219 1288/133/219 1296/133/219 1291/127/219
f 655/126/220 651/127/220 661/127/220 665/126/220
f 645/126/175 641/127/175 651/127/175 655/126/175
f 644/125/124 645/126/124 655/126/124 654/125/124
f 650/119/124 647/120/124 657/120/124 660/119/124
f 649/117/221 650/119/221 660/119/221 659/117/221
f 646/122/124 643/124/124 653/124/124 656/122/124
f 641/127/124 642/116/124 652/116/124 651/127/124
f 648/121/124 646/122/124 656/122/124 658/121/124
f 647/120/221 648/121/221 658/121/221 657/120/221
f 643/124/175 644/125/175 654/125/175 653/124/175
f 664/125/42 665/126/42 675/126/42 674/125/42
f 654/125/222 655/126/222 665/126/222 664/125/222
f 660/119/223 657/120/223 667/120/223 670/119/223
f 659/117/224 660/119/224 670/119/224 669/117/224
f 656/122/225 653/124/225 663/124/225 666/122/225
f 651/127/226 652/116/226 662/116/226 661/127/226
f 658/121/227 656/122/227 666/122/227 668/121/227
f 657/120/228 658/121/228 668/121/228 667/120/228
f 653/124/229 654/125/229 664/125/229 663/124/229
f 652/116/230 659/117/230 669/117/230 662/116/230
f 679/117/20 680/119/20 690/119/20 689/117/20
f 670/119/42 667/120/42 677/120/42 680/119/42
f 669/117/42 670/119/42 680/119/42 679/117/42
f 666/122/42 663/124/42 673/124/42 676/122/42
f 661/127/42 662/116/42 672/116/42 671/127/42
f 668/121/162 666/122/162 676/122/162 678/121/162
f 667/120/42 668/121/42 678/121/42 677/120/42
f 663/124/42 664/125/42 674/125/42 673/124/42
f 662/116/164 669/117/164 679/117/164 672/116/164
f 665/126/42 661/127/42 671/127/42 675/126/42
f 682/116/42 689/117/42 690/119/42 687/120/42 688/121/42 686/122/42 683/124/42 684/125/42 685/126/42 681/127/42
f 676/122/14 673/124/14 683/124/14 686/122/14
f 671/127/18 672/116/18 682/116/18 681/127/18
f 678/121/172 676/122/172 686/122/172 688/121/172
f 677/120/9 678/121/9 688/121/9 687/120/9
f 673/124/146 674/125/146 684/125/146 683/124/146
f 672/116/19 679/117/19 689/117/19 682/116/19
f 675/126/17 671/127/17 681/127/17 685/126/17
f 674/125/16 675/126/16 685/126/16 684/125/16
f 680/119/22 677/120/22 687/120/22 690/119/22
f 711/17/19 692/10/19 694/11/19 712/18/19
f 712/18/20 694/11/20 696/14/20 713/24/20
f 713/24/22 696/14/22 698/3/22 714/25/22
f 714/25/9 698/3/9 700/4/9 715/32/9
f 715/32/21 700/4/21 702/7/21 716/31/21
f 716/31/14 702/7/14 704/8/14 717/30/14
f 717/30/15 704/8/15 706/13/15 718/29/15
f 718/29/16 706/13/16 708/1/16 719/28/16
f 694/106/124 692/107/124 710/108/124 708/109/124 706/110/124 704/111/124 702/112/124 700/113/124 698/114/124 696/115/124
f 719/28/17 708/1/17 710/2/17 720/26/17
f 720/26/18 710/2/18 692/19/18 711/27/18
f 828/116/19 821/117/19 722/117/19 721/116/19
f 693/117/42 691/116/42 711/118/42 712/80/42
f 695/119/42 693/117/42 712/80/42 713/82/42
f 697/120/42 695/119/42 713/82/42 714/84/42
f 699/121/42 697/120/42 714/84/42 715/86/42
f 701/122/42 699/121/42 715/86/42 716/123/42
f 703/124/42 701/122/42 716/123/42 717/89/42
f 705/125/42 703/124/42 717/89/42 718/90/42
f 707/126/42 705/125/42 718/90/42 719/92/42
f 709/127/42 707/126/42 719/92/42 720/94/42
f 691/116/42 709/127/42 720/94/42 711/118/42
f 829/125/16 822/126/16 729/126/16 728/125/16
f 830/121/172 823/122/172 726/122/172 725/121/172
f 821/117/20 824/119/20 723/119/20 722/117/20
f 822/126/17 825/127/17 730/127/17 729/126/17
f 823/122/14 826/124/14 727/124/14 726/122/14
f 824/119/22 827/120/22 724/120/22 723/119/22
f 825/127/185 828/116/185 721/116/185 730/127/185
f 826/124/15 829/125/15 728/125/15 727/124/15
f 827/120/9 830/121/9 725/121/9 724/120/9
f 724/120/231 725/121/231 736/121/231 737/120/231
f 723/119/232 724/120/232 737/120/232 738/119/232
f 725/121/233 726/122/233 735/122/233 736/121/233
f 3127/121/172 3110/122/172 746/122/172 748/121/172
f 729/126/234 730/127/234 731/127/234 732/126/234
f 722/117/235 723/119/235 738/119/235 739/117/235
f 727/124/236 728/125/236 733/125/236 734/124/236
f 730/127/237 721/116/237 740/116/237 731/127/237
f 728/125/238 729/126/238 732/126/238 733/125/238
f 726/122/239 727/124/239 734/124/239 735/122/239
f 721/116/240 722/117/240 739/117/240 740/116/240
f 742/116/124 749/117/124 759/117/124 752/116/124
f 3117/163/160 3127/121/160 748/121/160 747/120/160
f 3121/124/146 3112/125/146 744/125/146 743/124/146
f 3123/131/19 3114/164/19 749/117/19 742/116/19
f 3119/126/161 3116/133/161 741/127/161 745/126/161
f 3112/125/16 3119/126/16 745/126/16 744/125/16
f 3125/165/22 3117/163/22 747/120/22 750/119/22
f 3114/164/135 3125/165/135 750/119/135 749/117/135
f 3110/122/14 3121/124/14 743/124/14 746/122/14
f 3116/133/185 3123/131/185 742/116/185 741/127/185
f 755/126/241 751/127/241 761/127/241 765/126/241
f 745/126/124 741/127/124 751/127/124 755/126/124
f 744/125/124 745/126/124 755/126/124 754/125/124
f 750/119/124 747/120/124 757/120/124 760/119/124
f 749/117/221 750/119/221 760/119/221 759/117/221
f 746/122/124 743/124/124 753/124/124 756/122/124
f 741/127/124 742/116/124 752/116/124 751/127/124
f 748/121/124 746/122/124 756/122/124 758/121/124
f 747/120/124 748/121/124 758/121/124 757/120/124
f 743/124/175 744/125/175 754/125/175 753/124/175
f 764/125/42 765/126/42 775/126/42 774/125/42
f 754/125/242 755/126/242 765/126/242 764/125/242
f 760/119/243 757/120/243 767/120/243 770/119/243
f 759/117/244 760/119/244 770/119/244 769/117/244
f 756/122/245 753/124/245 763/124/245 766/122/245
f 751/127/246 752/116/246 762/116/246 761/127/246
f 758/121/247 756/122/247 766/122/247 768/121/247
f 757/120/248 758/121/248 768/121/248 767/120/248
f 753/124/249 754/125/249 764/125/249 763/124/249
f 752/116/250 759/117/250 769/117/250 762/116/250
f 3150/164/20 3149/162/20 790/119/20 789/117/20
f 770/119/42 767/120/42 777/120/42 780/119/42
f 769/117/42 770/119/42 780/119/42 779/117/42
f 766/122/164 763/124/164 773/124/164 776/122/164
f 761/127/162 762/116/162 772/116/162 771/127/162
f 768/121/42 766/122/42 776/122/42 778/121/42
f 767/120/164 768/121/164 778/121/164 777/120/164
f 763/124/42 764/125/42 774/125/42 773/124/42
f 762/116/42 769/117/42 779/117/42 772/116/42
f 765/126/42 761/127/42 771/127/42 775/126/42
f 790/119/251 787/120/251 797/120/251 800/119/251
f 3152/122/14 3151/124/14 783/124/14 786/122/14
f 3154/145/18 3153/166/18 782/116/18 781/127/18
f 3155/121/21 3152/122/21 786/122/21 788/121/21
f 3156/163/9 3155/121/9 788/121/9 787/120/9
f 3151/124/146 3157/142/146 784/125/146 783/124/146
f 3153/166/19 3150/164/19 789/117/19 782/116/19
f 3158/126/17 3154/145/17 781/127/17 785/126/17
f 3157/142/16 3158/126/16 785/126/16 784/125/16
f 3149/162/22 3156/163/22 787/120/22 790/119/22
f 792/116/42 799/117/42 800/119/42 797/120/42 798/121/42 796/122/42 793/124/42 794/125/42 795/126/42 791/127/42
f 789/117/252 790/119/252 800/119/252 799/117/252
f 786/122/253 783/124/253 793/124/253 796/122/253
f 781/127/254 782/116/254 792/116/254 791/127/254
f 788/121/255 786/122/255 796/122/255 798/121/255
f 787/120/256 788/121/256 798/121/256 797/120/256
f 783/124/257 784/125/257 794/125/257 793/124/257
f 782/116/258 789/117/258 799/117/258 792/116/258
f 785/126/259 781/127/259 791/127/259 795/126/259
f 784/125/260 785/126/260 795/126/260 794/125/260
f 820/120/124 813/121/124 806/121/124 810/120/124
f 819/124/159 812/125/159 804/125/159 809/124/159
f 818/127/124 811/116/124 802/116/124 808/127/124
f 817/119/124 820/120/124 810/120/124 807/119/124
f 816/122/124 819/124/124 809/124/124 805/122/124
f 815/126/124 818/127/124 808/127/124 803/126/124
f 814/117/124 817/119/124 807/119/124 801/117/124
f 813/121/124 816/122/124 805/122/124 806/121/124
f 812/125/124 815/126/124 803/126/124 804/125/124
f 811/116/124 814/117/124 801/117/124 802/116/124
f 3189/167/261 3196/168/261 814/117/261 811/116/261
f 3191/130/262 3198/161/262 815/126/262 812/125/262
f 3193/139/263 3200/122/263 816/122/263 813/121/263
f 3196/168/264 3202/169/264 817/119/264 814/117/264
f 3198/161/265 3204/133/265 818/127/265 815/126/265
f 3200/122/266 3206/132/266 819/124/266 816/122/266
f 3202/169/267 3208/163/267 820/120/267 817/119/267
f 3204/133/268 3189/167/268 811/116/268 818/127/268
f 3206/132/269 3191/130/269 812/125/269 819/124/269
f 3208/163/270 3193/139/270 813/121/270 820/120/270
f 810/120/9 806/121/9 830/121/9 827/120/9
f 809/124/15 804/125/15 829/125/15 826/124/15
f 808/127/18 802/116/18 828/116/18 825/127/18
f 807/119/22 810/120/22 827/120/22 824/119/22
f 805/122/14 809/124/14 826/124/14 823/122/14
f 803/126/17 808/127/17 825/127/17 822/126/17
f 801/117/20 807/119/20 824/119/20 821/117/20
f 806/121/21 805/122/21 823/122/21 830/121/21
f 804/125/16 803/126/16 822/126/16 829/125/16
f 802/116/19 801/117/19 821/117/19 828/116/19
f 835/57/124 836/57/124 846/57/124 845/57/124
f 833/57/124 834/57/124 844/57/124 843/57/124
f 839/57/124 840/57/124 850/57/124 849/57/124
f 831/57/124 832/57/124 842/57/124 841/57/124
f 837/57/124 838/57/124 848/57/124 847/57/124
f 852/57/271 851/57/271 854/57/271 853/57/271
f 856/57/272 855/57/272 858/57/272 857/57/272
f 860/57/273 859/57/273 862/57/273 861/57/273
f 857/57/274 858/57/274 851/57/274 852/57/274
f 864/57/275 863/57/275 866/57/275 865/57/275
f 853/57/276 854/57/276 868/57/276 867/57/276
f 865/57/277 866/57/277 859/57/277 860/57/277
f 861/57/278 862/57/278 855/57/278 856/57/278
f 870/57/279 869/57/279 863/57/279 864/57/279
f 867/57/280 868/57/280 869/57/280 870/57/280
f 223/57/281 854/57/281 851/57/281 222/57/281
f 852/57/14 323/57/14 312/57/14 857/57/14
f 853/57/172 324/57/172 323/57/172 852/57/172
f 222/57/282 851/57/282 858/57/282 230/57/282
f 221/57/283 868/57/283 854/57/283 223/57/283
f 867/57/9 313/57/9 324/57/9 853/57/9
f 230/57/284 858/57/284 855/57/284 229/57/284
f 856/57/16 311/57/16 329/57/16 861/57/16
f 857/57/146 312/57/146 311/57/146 856/57/146
f 229/57/285 855/57/285 862/57/285 224/57/285
f 224/57/286 862/57/286 859/57/286 228/57/286
f 860/57/185 316/57/185 315/57/185 865/57/185
f 861/57/17 329/57/17 316/57/17 860/57/17
f 228/57/287 859/57/287 866/57/287 225/57/287
f 225/57/288 866/57/288 863/57/288 227/57/288
f 864/57/135 325/57/135 314/57/135 870/57/135
f 865/57/19 315/57/19 325/57/19 864/57/19
f 227/57/289 863/57/289 869/57/289 226/57/289
f 226/57/290 869/57/290 868/57/290 221/57/290
f 870/57/22 314/57/22 313/57/22 867/57/22
f 202/57/42 212/57/42 892/57/42 890/57/42
f 890/57/42 892/57/42 891/57/42 889/57/42
f 187/57/124 886/57/124 888/57/124 197/57/124
f 886/57/124 885/57/124 887/57/124 888/57/124
f 182/57/9 203/57/9 898/57/9 894/57/9
f 897/57/42 919/57/42 920/57/42 898/57/42
f 203/57/42 213/57/42 900/57/42 898/57/42
f 898/57/42 900/57/42 899/57/42 897/57/42
f 182/57/124 894/57/124 896/57/124 192/57/124
f 894/57/124 893/57/124 895/57/124 896/57/124
f 902/57/18 912/57/18 911/57/18 901/57/18
f 903/57/16 904/57/16 910/57/16 905/57/16
f 908/57/14 909/57/14 907/57/14 906/57/14
f 914/57/135 916/57/135 915/57/135 913/57/135
f 918/57/9 920/57/9 919/57/9 917/57/9
f 1910/57/42 910/57/42 904/57/42 1909/57/42
f 881/57/42 911/57/42 912/57/42 882/57/42
f 898/57/291 920/57/291 918/57/291 894/57/291
f 894/57/124 918/57/124 917/57/124 893/57/124
f 890/57/292 916/57/292 914/57/292 886/57/292
f 893/57/293 917/57/293 919/57/293 897/57/293
f 886/57/124 914/57/124 913/57/124 885/57/124
f 321/57/294 909/57/294 908/57/294 328/57/294
f 882/57/295 912/57/295 902/57/295 878/57/295
f 328/57/124 908/57/124 906/57/124 330/57/124
f 885/57/296 913/57/296 915/57/296 889/57/296
f 1907/57/124 903/57/124 905/57/124 1908/57/124
f 1908/57/297 905/57/297 910/57/297 1910/57/297
f 877/57/298 901/57/298 911/57/298 881/57/298
f 322/57/42 907/57/42 909/57/42 321/57/42
f 982/17/19 921/10/19 922/11/19 932/18/19
f 932/18/20 922/11/20 923/14/20 933/24/20
f 933/24/22 923/14/22 924/3/22 934/25/22
f 934/25/9 924/3/9 925/4/9 935/32/9
f 935/32/172 925/4/172 926/7/172 936/31/172
f 936/31/14 926/7/14 927/8/14 937/30/14
f 937/30/146 927/8/146 928/13/146 938/29/146
f 938/29/16 928/13/16 929/1/16 939/28/16
f 922/106/124 921/107/124 930/108/124 929/109/124 928/110/124 927/111/124 926/112/124 925/113/124 924/114/124 923/115/124
f 939/28/17 929/1/17 930/2/17 981/26/17
f 981/26/18 930/2/18 921/19/18 982/27/18
f 942/170/299 943/171/299 944/172/299 941/173/299
f 943/171/300 945/174/300 946/175/300 944/172/300
f 945/174/301 947/176/301 948/177/301 946/175/301
f 947/176/302 949/178/302 950/179/302 948/177/302
f 949/178/303 951/180/303 952/181/303 950/179/303
f 951/180/304 953/182/304 954/183/304 952/181/304
f 953/182/305 955/184/305 956/185/305 954/183/305
f 955/184/306 957/186/306 958/187/306 956/185/306
f 957/186/307 959/188/307 960/189/307 958/187/307
f 959/188/308 942/170/308 941/173/308 960/189/308
f 941/173/42 944/172/42 946/175/42 948/177/42 950/179/42 952/181/42 954/183/42 956/185/42 958/187/42 960/189/42
f 984/190/145 963/191/145 964/192/145 961/166/145
f 963/191/144 965/193/144 966/174/144 964/192/144
f 965/193/143 967/194/143 968/195/143 966/174/143
f 967/194/309 969/196/309 970/197/309 968/195/309
f 969/196/310 971/198/310 972/199/310 970/197/310
f 971/198/311 973/200/311 974/124/311 972/199/311
f 973/200/139 975/201/139 976/142/139 974/124/139
f 975/201/312 977/202/312 978/161/312 976/142/312
f 977/202/313 983/203/313 980/145/313 978/161/313
f 983/203/136 984/190/136 961/166/136 980/145/136
f 931/204/314 962/205/314 988/205/314 986/204/314
f 963/191/42 984/190/42 982/118/42 932/80/42
f 970/197/18 972/199/18 1762/199/18 1761/197/18
f 965/193/42 963/191/42 932/80/42 933/82/42
f 967/194/42 965/193/42 933/82/42 934/84/42
f 980/145/21 961/166/21 1758/166/21 1766/145/21
f 969/196/42 967/194/42 934/84/42 935/86/42
f 971/198/42 969/196/42 935/86/42 936/123/42
f 974/124/20 976/142/20 1764/142/20 1763/124/20
f 973/200/42 971/198/42 936/123/42 937/89/42
f 964/192/15 966/174/15 1759/174/15 1757/192/15
f 975/201/42 973/200/42 937/89/42 938/90/42
f 977/202/42 975/201/42 938/90/42 939/92/42
f 983/203/42 977/202/42 939/92/42 981/94/42
f 931/204/42 940/206/42 981/94/42 982/118/42
f 979/207/42 962/205/42 984/190/42 983/203/42
f 962/205/42 931/204/42 982/118/42 984/190/42
f 940/206/42 979/207/42 983/203/42 981/94/42
f 985/206/162 986/204/162 990/204/162 989/206/162
f 940/206/315 931/204/315 986/204/315 985/206/315
f 979/207/316 940/206/316 985/206/316 987/207/316
f 962/205/21 979/207/21 987/207/21 988/205/21
f 991/207/317 989/206/317 993/206/317 995/207/317
f 987/207/42 985/206/42 989/206/42 991/207/42
f 988/205/42 987/207/42 991/207/42 992/205/42
f 986/204/42 988/205/42 992/205/42 990/204/42
f 994/204/124 996/205/124 1000/205/124 998/204/124
f 990/204/318 992/205/318 996/205/318 994/204/318
f 999/207/320 997/206/320 1001/206/320 1003/207/320
f 993/206/124 994/204/124 998/204/124 997/206/124
f 995/207/124 993/206/124 997/206/124 999/207/124
f 996/205/124 995/207/124 999/207/124 1000/205/124
f 1004/205/42 1003/207/42 1001/206/42 1002/204/42
f 1000/205/21 999/207/21 1003/207/21 1004/205/21
f 998/204/314 1000/205/314 1004/205/314 1002/204/314
f 997/206/315 998/204/315 1002/204/315 1001/206/315
f 1025/17/21 1006/10/21 1008/11/21 1026/18/21
f 1026/18/9 1008/11/9 1010/14/9 1027/24/9
f 1027/24/22 1010/14/22 1012/3/22 1028/25/22
f 1028/25/20 1012/3/20 1014/4/20 1029/32/20
f 1029/32/19 1014/4/19 1016/7/19 1030/31/19
f 1030/31/185 1016/7/185 1018/8/185 1031/30/185
f 1031/30/17 1018/8/17 1020/13/17 1032/29/17
f 1032/29/16 1020/13/16 1022/1/16 1033/28/16
f 1008/106/42 1006/107/42 1024/108/42 1022/109/42 1020/110/42 1018/111/42 1016/112/42 1014/113/42 1012/114/42 1010/115/42
f 1033/28/15 1022/1/15 1024/2/15 1034/26/15
f 1034/26/14 1024/2/14 1006/19/14 1025/27/14
f 1005/116/172 1007/117/172 1036/117/172 1035/116/172
f 1007/117/124 1005/116/124 1025/118/124 1026/80/124
f 1009/119/124 1007/117/124 1026/80/124 1027/82/124
f 1011/120/124 1009/119/124 1027/82/124 1028/84/124
f 1013/121/124 1011/120/124 1028/84/124 1029/86/124
f 1015/122/124 1013/121/124 1029/86/124 1030/123/124
f 1017/124/124 1015/122/124 1030/123/124 1031/89/124
f 1019/125/124 1017/124/124 1031/89/124 1032/90/124
f 1021/126/124 1019/125/124 1032/90/124 1033/92/124
f 1023/127/124 1021/126/124 1033/92/124 1034/94/124
f 1005/116/124 1023/127/124 1034/94/124 1025/118/124
f 1054/116/42 1053/117/42 1091/117/42 1094/116/42
f 1019/125/16 1021/126/16 1043/126/16 1042/125/16
f 1013/121/19 1015/122/19 1040/122/19 1039/121/19
f 1007/117/9 1009/119/9 1037/119/9 1036/117/9
f 1021/126/146 1023/127/146 1044/127/146 1043/126/146
f 1015/122/185 1017/124/185 1041/124/185 1040/122/185
f 1009/119/22 1011/120/22 1038/120/22 1037/119/22
f 1023/127/14 1005/116/14 1035/116/14 1044/127/14
f 1017/124/17 1019/125/17 1042/125/17 1041/124/17
f 1011/120/135 1013/121/135 1039/121/135 1038/120/135
f 1603/208/9 1599/209/9 1052/119/9 1053/117/9
f 1598/125/16 1597/126/16 1046/126/16 1047/125/16
f 1604/166/172 1603/208/172 1053/117/172 1054/116/172
f 1601/163/135 1605/121/135 1050/121/135 1051/120/135
f 1600/210/17 1598/125/17 1047/125/17 1048/124/17
f 1602/133/14 1604/166/14 1054/116/14 1045/127/14
f 1599/209/22 1601/163/22 1051/120/22 1052/119/22
f 1050/121/42 1049/122/42 1088/122/42 1087/121/42
f 1048/124/42 1047/125/42 1085/125/42 1090/124/42
f 1047/125/42 1046/126/42 1086/126/42 1085/125/42
f 1606/122/185 1600/210/185 1048/124/185 1049/122/185
f 1045/127/42 1054/116/42 1094/116/42 1093/127/42
f 1051/120/42 1050/121/42 1087/121/42 1089/120/42
f 1052/119/42 1051/120/42 1089/120/42 1092/119/42
f 1053/117/42 1052/119/42 1092/119/42 1091/117/42
f 1046/126/42 1045/127/42 1093/127/42 1086/126/42
f 1049/122/42 1048/124/42 1090/124/42 1088/122/42
f 1091/117/9 1092/119/9 1105/119/9 1112/117/9
f 1597/126/146 1602/133/146 1045/127/146 1046/126/146
f 1605/121/19 1606/122/19 1049/122/19 1050/121/19
f 1066/131/321 1067/134/321 1068/135/321 1065/131/321
f 1067/134/322 1069/136/322 1070/137/322 1068/135/322
f 1069/136/323 1071/120/323 1072/138/323 1070/137/323
f 1071/120/324 1073/121/324 1074/139/324 1072/138/324
f 1073/121/325 1075/122/325 1076/122/325 1074/139/325
f 1075/122/326 1077/132/326 1078/140/326 1076/122/326
f 1077/132/327 1079/141/327 1080/142/327 1078/140/327
f 1079/141/328 1081/143/328 1082/144/328 1080/142/328
f 1081/143/329 1083/127/329 1084/145/329 1082/144/329
f 1083/127/330 1066/131/330 1065/131/330 1084/145/330
f 1065/131/124 1068/135/124 1056/117/124 1055/116/124
f 1066/131/331 1083/127/331 1184/127/331 1175/131/331
f 1075/122/332 1073/121/332 1179/121/332 1180/122/332
f 1084/145/124 1065/131/124 1055/116/124 1064/127/124
f 1068/135/124 1070/137/124 1057/119/124 1056/117/124
f 1041/124/333 1042/125/333 1172/125/333 1171/124/333
f 1070/137/124 1072/138/124 1058/120/124 1057/119/124
f 1040/122/334 1041/124/334 1171/124/334 1170/122/334
f 1072/138/124 1074/139/124 1059/121/124 1058/120/124
f 1079/141/335 1077/132/335 1181/132/335 1182/141/335
f 1074/139/124 1076/122/124 1060/122/124 1059/121/124
f 1069/136/336 1067/134/336 1176/134/336 1177/136/336
f 1076/122/124 1078/140/124 1061/124/124 1060/122/124
f 1039/121/337 1040/122/337 1170/122/337 1169/121/337
f 1078/140/124 1080/142/124 1062/125/124 1061/124/124
f 1083/127/338 1081/143/338 1183/143/338 1184/127/338
f 1080/142/124 1082/144/124 1063/126/124 1062/125/124
f 1073/121/339 1071/120/339 1178/120/339 1179/121/339
f 1082/144/124 1084/145/124 1064/127/124 1063/126/124
f 1038/120/340 1039/121/340 1169/121/340 1168/120/340
f 1085/125/16 1086/126/16 1110/126/16 1114/125/16
f 1089/120/20 1087/121/20 1109/121/20 1106/120/20
f 1088/122/18 1090/124/18 1113/124/18 1111/122/18
f 1090/124/17 1085/125/17 1114/125/17 1113/124/17
f 1086/126/146 1093/127/146 1107/127/146 1110/126/146
f 1094/116/21 1091/117/21 1112/117/21 1108/116/21
f 1092/119/22 1089/120/22 1106/120/22 1105/119/22
f 1087/121/19 1088/122/19 1111/122/19 1109/121/19
f 1093/127/14 1094/116/14 1108/116/14 1107/127/14
f 1096/148/186 1095/149/186 1105/119/186 1106/120/186
f 1098/150/124 1097/151/124 1107/127/124 1108/116/124
f 1099/152/124 1096/148/124 1106/120/124 1109/121/124
f 1097/151/124 1100/153/124 1110/126/124 1107/127/124
f 1101/146/124 1099/152/124 1109/121/124 1111/122/124
f 1095/149/186 1102/154/186 1112/117/186 1105/119/186
f 1103/147/124 1101/146/124 1111/122/124 1113/124/124
f 1102/154/124 1098/150/124 1108/116/124 1112/117/124
f 1104/155/124 1103/147/124 1113/124/124 1114/125/124
f 1100/153/124 1104/155/124 1114/125/124 1110/126/124
f 1198/211/341 1202/212/341 1213/212/341 1211/211/341
f 1207/150/172 1212/213/172 1127/154/172 1131/150/172
f 1208/214/14 1207/150/14 1131/150/14 1132/151/14
f 1205/215/135 1209/216/135 1130/152/135 1133/148/135
f 1206/156/22 1205/215/22 1133/148/22 1134/149/22
f 1212/213/9 1206/156/9 1134/149/9 1127/154/9
f 1192/150/342 1199/213/342 1212/213/342 1207/150/342
f 1135/149/343 1142/154/343 1127/154/343 1134/149/343
f 1194/216/344 1198/211/344 1211/211/344 1209/216/344
f 1141/146/345 1139/152/345 1130/152/345 1128/146/345
f 1189/214/346 1192/150/346 1207/150/346 1208/214/346
f 1216/150/21 1215/154/21 1152/154/21 1148/150/21
f 1204/217/347 1195/153/347 1210/153/347 1214/217/347
f 1137/151/348 1140/153/348 1129/153/348 1132/151/348
f 1139/152/349 1136/148/349 1133/148/349 1130/152/349
f 1195/153/350 1189/214/350 1208/214/350 1210/153/350
f 1213/212/17 1214/217/17 1125/155/17 1126/147/17
f 1211/211/18 1213/212/18 1126/147/18 1128/146/18
f 1214/217/16 1210/153/16 1129/153/16 1125/155/16
f 1209/216/19 1211/211/19 1128/146/19 1130/152/19
f 1210/153/15 1208/214/15 1132/151/15 1129/153/15
f 1149/152/351 1151/146/351 1231/146/351 1229/152/351
f 1218/152/19 1217/146/19 1151/146/19 1149/152/19
f 1219/151/14 1216/150/14 1148/150/14 1147/151/14
f 1221/147/161 1220/155/161 1154/155/161 1153/147/161
f 1215/154/160 1222/149/160 1145/149/160 1152/154/160
f 1223/148/135 1218/152/135 1149/152/135 1146/148/135
f 1220/155/16 1224/153/16 1150/153/16 1154/155/16
f 1217/146/18 1221/147/18 1153/147/18 1151/146/18
f 1224/153/146 1219/151/146 1147/151/146 1150/153/146
f 1222/149/22 1223/148/22 1146/148/22 1145/149/22
f 1147/151/352 1148/150/352 1228/150/352 1227/151/352
f 1153/147/353 1154/155/353 1234/155/353 1233/147/353
f 1152/154/354 1145/149/354 1225/149/354 1232/154/354
f 1146/148/355 1149/152/355 1229/152/355 1226/148/355
f 1154/155/356 1150/153/356 1230/153/356 1234/155/356
f 1151/146/357 1153/147/357 1233/147/357 1231/146/357
f 1150/153/358 1147/151/358 1227/151/358 1230/153/358
f 1145/149/359 1146/148/359 1226/148/359 1225/149/359
f 1148/150/360 1152/154/360 1232/154/360 1228/150/360
f 1042/125/361 1043/126/361 1173/126/361 1172/125/361
f 1035/116/362 1036/117/362 1166/117/362 1165/116/362
f 1071/120/363 1069/136/363 1177/136/363 1178/120/363
f 1081/143/364 1079/141/364 1182/141/364 1183/143/364
f 1043/126/365 1044/127/365 1174/127/365 1173/126/365
f 1036/117/366 1037/119/366 1167/119/366 1166/117/366
f 1044/127/367 1035/116/367 1165/116/367 1174/127/367
f 1067/134/368 1066/131/368 1175/131/368 1176/134/368
f 1077/132/369 1075/122/369 1180/122/369 1181/132/369
f 1037/119/370 1038/120/370 1168/120/370 1167/119/370
f 1186/149/371 1187/224/371 1188/215/371 1185/156/371
f 1190/151/372 1191/150/372 1192/150/372 1189/214/372
f 1187/224/139 1193/225/139 1194/216/139 1188/215/139
f 1196/226/144 1190/151/144 1189/214/144 1195/153/144
f 1193/225/311 1197/146/311 1198/211/311 1194/216/311
f 1200/154/373 1186/149/373 1185/156/373 1199/213/373
f 1197/146/141 1201/227/141 1202/212/141 1198/211/141
f 1191/150/136 1200/154/136 1199/213/136 1192/150/136
f 1201/227/142 1203/228/142 1204/217/142 1202/212/142
f 1203/228/374 1196/226/374 1195/153/374 1204/217/374
f 1443/229/43 1444/230/43 1187/224/43 1186/149/43
f 1140/153/375 1144/155/375 1125/155/375 1129/153/375
f 1202/212/376 1204/217/376 1214/217/376 1213/212/376
f 1445/231/42 1443/229/42 1186/149/42 1200/154/42
f 1138/150/377 1137/151/377 1132/151/377 1131/150/377
f 1444/230/42 1446/152/42 1193/225/42 1187/224/42
f 1144/155/378 1143/147/378 1126/147/378 1125/155/378
f 1447/232/42 1448/233/42 1190/151/42 1196/226/42
f 1448/233/42 1449/150/42 1191/150/42 1190/151/42
f 1199/213/379 1185/156/379 1206/156/379 1212/213/379
f 1136/148/380 1135/149/380 1134/149/380 1133/148/380
f 1449/150/42 1445/231/42 1200/154/42 1191/150/42
f 1142/154/381 1138/150/381 1131/150/381 1127/154/381
f 1446/152/42 1450/146/42 1197/146/42 1193/225/42
f 1451/155/42 1447/232/42 1196/226/42 1203/228/42
f 1185/156/382 1188/215/382 1205/215/382 1206/156/382
f 1188/215/383 1194/216/383 1209/216/383 1205/215/383
f 1450/146/42 1452/212/42 1201/227/42 1197/146/42
f 1143/147/384 1141/146/384 1128/146/384 1126/147/384
f 1452/212/42 1451/155/42 1203/228/42 1201/227/42
f 1135/149/385 1136/148/385 1223/148/385 1222/149/385
f 1140/153/386 1137/151/386 1219/151/386 1224/153/386
f 1141/146/387 1143/147/387 1221/147/387 1217/146/387
f 1144/155/388 1140/153/388 1224/153/388 1220/155/388
f 1136/148/389 1139/152/389 1218/152/389 1223/148/389
f 1142/154/390 1135/149/390 1222/149/390 1215/154/390
f 1143/147/391 1144/155/391 1220/155/391 1221/147/391
f 1137/151/392 1138/150/392 1216/150/392 1219/151/392
f 1139/152/393 1141/146/393 1217/146/393 1218/152/393
f 1138/150/394 1142/154/394 1215/154/394 1216/150/394
f 1156/234/175 1155/235/175 1225/149/175 1226/148/175
f 1158/236/159 1157/237/159 1227/151/159 1228/150/159
f 1159/238/221 1156/234/221 1226/148/221 1229/152/221
f 1157/237/221 1160/220/221 1230/153/221 1227/151/221
f 1161/239/186 1159/238/186 1229/152/186 1231/146/186
f 1155/235/221 1162/240/221 1232/154/221 1225/149/221
f 1163/241/124 1161/239/124 1231/146/124 1233/147/124
f 1162/240/186 1158/236/186 1228/150/186 1232/154/186
f 1164/218/175 1163/241/175 1233/147/175 1234/155/175
f 1160/220/124 1164/218/124 1234/155/124 1230/153/124
f 1239/238/42 1241/239/42 1429/239/42 1427/238/42
f 1246/244/136 1247/245/136 1248/53/136 1245/45/136
f 1250/246/137 1246/244/137 1245/45/137 1249/44/137
f 1252/247/138 1250/246/138 1249/44/138 1251/46/138
f 1254/248/139 1252/247/139 1251/46/139 1253/47/139
f 3272/249/140 1254/248/140 1253/47/140 1255/48/140
f 3271/111/141 3272/249/141 1255/48/141 1257/49/141
f 1260/250/142 3271/111/142 1257/49/142 1259/50/142
f 1262/251/143 1260/250/143 1259/50/143 1261/51/143
f 1264/252/144 1262/251/144 1261/51/144 1263/52/144
f 1247/245/145 1264/252/145 1263/52/145 1248/53/145
f 180/14/9 179/11/9 1246/253/9 1250/14/9
f 179/11/21 178/10/21 1247/10/21 1246/253/21
f 178/19/14 177/54/14 1264/54/14 1247/19/14
f 176/3/22 180/14/22 1250/14/22 1252/254/22
f 175/4/20 176/3/20 1252/254/20 1254/255/20
f 3269/7/19 175/4/19 1254/255/19 3272/256/19
f 1258/257/295 173/258/295 3278/258/295 3279/257/295
f 172/56/17 3270/8/17 3271/259/17 1260/13/17
f 171/1/16 172/56/16 1260/13/16 1262/1/16
f 177/54/15 171/1/15 1262/1/15 1264/54/15
f 1245/45/42 1248/53/42 72/37/42 71/40/42
f 631/127/18 640/116/18 1287/116/18 1288/133/18
f 635/122/14 634/124/14 1285/124/14 1271/122/14
f 639/117/20 638/119/20 1290/119/20 1286/128/20
f 638/119/22 637/120/22 1267/120/22 1290/119/22
f 633/125/16 632/126/16 1289/126/16 1266/125/16
f 632/126/17 631/127/17 1288/133/17 1289/126/17
f 640/116/19 639/117/19 1286/128/19 1287/116/19
f 634/124/146 633/125/146 1266/125/146 1285/124/146
f 637/120/9 636/121/9 1270/121/9 1267/120/9
f 636/121/21 635/122/21 1271/122/21 1270/121/21
f 1297/121/397 1295/122/397 1294/122/397 1293/121/397
f 1296/133/398 1298/116/398 1292/116/398 1291/127/398
f 1288/133/124 1287/116/124 1298/116/124 1296/133/124
f 1270/121/124 1271/122/124 1295/122/124 1297/121/124
f 642/116/42 641/127/42 1291/127/42 1292/116/42
f 1287/116/211 642/116/211 1292/116/211 1298/116/211
f 646/122/42 648/121/42 1293/121/42 1294/122/42
f 1271/122/219 646/122/219 1294/122/219 1295/122/219
f 1360/17/399 1299/10/399 1300/11/399 1310/18/399
f 1310/18/400 1300/11/400 1301/14/400 1311/24/400
f 1311/24/401 1301/14/401 1302/3/401 1312/25/401
f 1312/25/402 1302/3/402 1303/4/402 1313/32/402
f 1313/32/403 1303/4/403 1304/7/403 1314/31/403
f 1314/31/404 1304/7/404 1305/8/404 1315/30/404
f 1315/30/405 1305/8/405 1306/13/405 1316/29/405
f 1316/29/406 1306/13/406 1307/1/406 1317/28/406
f 1300/106/407 1299/107/407 1308/108/407 1307/109/407 1306/110/407 1305/111/407 1304/112/407 1303/113/407 1302/114/407 1301/115/407
f 1317/28/408 1307/1/408 1308/2/408 1359/26/408
f 1359/26/409 1308/2/409 1299/19/409 1360/27/409
f 1320/170/410 1321/171/410 1322/172/410 1319/173/410
f 1321/171/411 1323/174/411 1324/175/411 1322/172/411
f 1323/174/412 1325/176/412 1326/177/412 1324/175/412
f 1325/176/413 1327/178/413 1328/179/413 1326/177/413
f 1327/178/414 1329/180/414 1330/181/414 1328/179/414
f 1329/180/415 1331/182/415 1332/183/415 1330/181/415
f 1331/182/416 1333/184/416 1334/185/416 1332/183/416
f 1333/184/417 1335/186/417 1336/187/417 1334/185/417
f 1335/186/418 1337/188/418 1338/189/418 1336/187/418
f 1337/188/419 1320/170/419 1319/173/419 1338/189/419
f 1319/173/420 1322/172/420 1324/175/420 1326/177/420 1328/179/420 1330/181/420 1332/183/420 1334/185/420 1336/187/420 1338/189/420
f 1362/190/421 1341/191/421 1342/192/421 1339/166/421
f 1341/191/422 1343/193/422 1344/174/422 1342/192/422
f 1343/193/423 1345/194/423 1346/195/423 1344/174/423
f 1345/194/424 1347/196/424 1348/197/424 1346/195/424
f 1347/196/425 1349/198/425 1350/199/425 1348/197/425
f 1349/198/426 1351/200/426 1352/124/426 1350/199/426
f 1351/200/427 1353/201/427 1354/142/427 1352/124/427
f 1353/201/428 1355/202/428 1356/161/428 1354/142/428
f 1355/202/429 1361/203/429 1358/145/429 1356/161/429
f 1361/203/430 1362/190/430 1339/166/430 1358/145/430
f 1339/166/404 1342/192/404 1321/171/404 1320/170/404
f 1309/204/431 1340/205/431 1366/205/431 1364/204/431
f 1341/191/432 1362/190/432 1360/118/432 1310/80/432
f 1358/145/403 1339/166/403 1320/170/403 1337/188/403
f 1342/192/405 1344/174/405 1323/174/405 1321/171/405
f 1343/193/420 1341/191/420 1310/80/420 1311/82/420
f 1344/174/433 1346/195/433 1325/176/433 1323/174/433
f 1345/194/434 1343/193/434 1311/82/434 1312/84/434
f 1346/195/408 1348/197/408 1327/178/408 1325/176/408
f 1347/196/432 1345/194/432 1312/84/432 1313/86/432
f 1348/197/409 1350/199/409 1329/180/409 1327/178/409
f 1349/198/420 1347/196/420 1313/86/420 1314/123/420
f 1350/199/399 1352/124/399 1331/182/399 1329/180/399
f 1351/200/420 1349/198/420 1314/123/420 1315/89/420
f 1352/124/400 1354/142/400 1333/184/400 1331/182/400
f 1353/201/420 1351/200/420 1315/89/420 1316/90/420
f 1354/142/435 1356/161/435 1335/186/435 1333/184/435
f 1355/202/432 1353/201/432 1316/90/432 1317/92/432
f 1356/161/402 1358/145/402 1337/188/402 1335/186/402
f 1361/203/432 1355/202/432 1317/92/432 1359/94/432
f 1309/204/432 1318/206/432 1359/94/432 1360/118/432
f 1357/207/434 1340/205/434 1362/190/434 1361/203/434
f 1340/205/436 1309/204/436 1360/118/436 1362/190/436
f 1318/206/420 1357/207/420 1361/203/420 1359/94/420
f 1363/206/437 1364/204/437 1368/204/437 1367/206/437
f 1318/206/438 1309/204/438 1364/204/438 1363/206/438
f 1357/207/439 1318/206/439 1363/206/439 1365/207/439
f 1340/205/440 1357/207/440 1365/207/440 1366/205/440
f 1365/207/436 1363/206/436 1367/206/436 1369/207/436
f 1366/205/442 1365/207/442 1369/207/442 1370/205/442
f 1364/204/432 1366/205/432 1370/205/432 1368/204/432
f 1372/204/443 1374/205/443 1378/205/443 1376/204/443
f 1377/207/446 1375/206/446 1379/206/446 1381/207/446
f 1371/206/447 1372/204/447 1376/204/447 1375/206/447
f 1373/207/407 1371/206/407 1375/206/407 1377/207/407
f 1374/205/448 1373/207/448 1377/207/448 1378/205/448
f 1382/205/434 1381/207/434 1379/206/434 1380/204/434
f 1378/205/449 1377/207/449 1381/207/449 1382/205/449
f 1376/204/450 1378/205/450 1382/205/450 1380/204/450
f 1375/206/451 1376/204/451 1380/204/451 1379/206/451
f 1173/126/15 1174/127/15 1383/145/15 1392/161/15
f 1172/125/16 1173/126/16 1392/161/16 1391/141/16
f 1171/124/161 1172/125/161 1391/141/161 1390/132/161
f 1170/122/18 1171/124/18 1390/132/18 1389/122/18
f 1169/121/19 1170/122/19 1389/122/19 1388/223/19
f 1168/120/135 1169/121/135 1388/223/135 1387/222/135
f 1167/119/22 1168/120/22 1387/222/22 1386/174/22
f 1166/117/9 1167/119/9 1386/174/9 1385/221/9
f 1165/116/21 1166/117/21 1385/221/21 1384/131/21
f 1174/127/14 1165/116/14 1384/131/14 1383/145/14
f 580/119/22 577/120/22 1400/120/22 1393/119/22
f 574/125/16 575/126/16 1402/126/16 1401/125/16
f 575/126/146 571/127/146 1398/127/146 1402/126/146
f 572/116/21 579/117/21 1394/117/21 1397/116/21
f 573/124/161 574/125/161 1401/125/161 1395/124/161
f 577/120/135 578/121/135 1399/121/135 1400/120/135
f 578/121/19 576/122/19 1396/122/19 1399/121/19
f 571/127/14 572/116/14 1397/116/14 1398/127/14
f 576/122/185 573/124/185 1395/124/185 1396/122/185
f 579/117/160 580/119/160 1393/119/160 1394/117/160
f 1156/234/20 1159/238/20 1422/238/20 1418/234/20
f 1162/240/9 1155/235/9 1419/235/9 1420/240/9
f 1163/241/17 1164/218/17 1414/218/17 1415/241/17
f 1157/237/14 1158/236/14 1421/243/14 1417/237/14
f 1159/238/19 1161/239/19 1416/242/19 1422/238/19
f 1158/236/21 1162/240/21 1420/240/21 1421/243/21
f 1155/235/22 1156/234/22 1418/234/22 1419/235/22
f 1160/220/15 1157/237/15 1417/237/15 1413/219/15
f 1161/239/18 1163/241/18 1415/241/18 1416/242/18
f 1164/218/16 1160/220/16 1413/219/16 1414/218/16
f 1425/237/452 1426/236/452 1436/236/452 1435/237/452
f 1237/237/43 1238/236/43 1426/236/43 1425/237/43
f 1243/241/42 1244/218/42 1432/218/42 1431/241/42
f 1242/240/42 1235/235/42 1423/235/42 1430/240/42
f 1236/234/42 1239/238/42 1427/238/42 1424/234/42
f 1244/218/163 1240/220/163 1428/220/163 1432/218/163
f 1241/239/43 1243/241/43 1431/241/43 1429/239/43
f 1240/220/42 1237/237/42 1425/237/42 1428/220/42
f 1235/235/162 1236/234/162 1424/234/162 1423/235/162
f 1238/236/42 1242/240/42 1430/240/42 1426/236/42
f 1436/236/124 1440/240/124 1433/235/124 1434/234/124 1437/238/124 1439/239/124 1441/241/124 1442/218/124 1438/220/124 1435/237/124
f 1431/241/453 1432/218/453 1442/218/453 1441/241/453
f 1430/240/454 1423/235/454 1433/235/454 1440/240/454
f 1424/234/455 1427/238/455 1437/238/455 1434/234/455
f 1432/218/456 1428/220/456 1438/220/456 1442/218/456
f 1429/239/457 1431/241/457 1441/241/457 1439/239/457
f 1428/220/458 1425/237/458 1435/237/458 1438/220/458
f 1423/235/459 1424/234/459 1434/234/459 1433/235/459
f 1426/236/460 1430/240/460 1440/240/460 1436/236/460
f 1427/238/461 1429/239/461 1439/239/461 1437/238/461
f 1473/17/21 1454/10/21 1456/11/21 1474/18/21
f 1474/18/9 1456/11/9 1458/14/9 1475/24/9
f 1475/24/22 1458/14/22 1460/3/22 1476/25/22
f 1476/25/135 1460/3/135 1462/4/135 1477/32/135
f 1477/32/19 1462/4/19 1464/7/19 1478/31/19
f 1478/31/18 1464/7/18 1466/8/18 1479/30/18
f 1479/30/17 1466/8/17 1468/13/17 1480/29/17
f 1480/29/16 1468/13/16 1470/1/16 1481/28/16
f 1456/106/42 1454/107/42 1472/108/42 1470/109/42 1468/110/42 1466/111/42 1464/112/42 1462/113/42 1460/114/42 1458/115/42
f 1481/28/15 1470/1/15 1472/2/15 1482/26/15
f 1482/26/14 1472/2/14 1454/19/14 1473/27/14
f 1453/116/21 1455/117/21 1484/117/21 1483/116/21
f 1455/117/124 1453/116/124 1473/118/124 1474/80/124
f 1457/119/124 1455/117/124 1474/80/124 1475/82/124
f 1459/120/124 1457/119/124 1475/82/124 1476/84/124
f 1461/121/124 1459/120/124 1476/84/124 1477/86/124
f 1463/122/124 1461/121/124 1477/86/124 1478/123/124
f 1465/124/124 1463/122/124 1478/123/124 1479/89/124
f 1467/125/124 1465/124/124 1479/89/124 1480/90/124
f 1469/126/124 1467/125/124 1480/90/124 1481/92/124
f 1471/127/124 1469/126/124 1481/92/124 1482/94/124
f 1453/116/159 1471/127/159 1482/94/159 1473/118/159
f 1467/125/16 1469/126/16 1491/126/16 1490/125/16
f 1461/121/19 1463/122/19 1488/122/19 1487/121/19
f 1455/117/9 1457/119/9 1485/119/9 1484/117/9
f 1469/126/15 1471/127/15 1492/127/15 1491/126/15
f 1463/122/185 1465/124/185 1489/124/185 1488/122/185
f 1457/119/22 1459/120/22 1486/120/22 1485/119/22
f 1471/127/14 1453/116/14 1483/116/14 1492/127/14
f 1465/124/17 1467/125/17 1490/125/17 1489/124/17
f 1459/120/20 1461/121/20 1487/121/20 1486/120/20
f 1486/120/462 1487/121/462 1498/121/462 1499/120/462
f 1485/119/463 1486/120/463 1499/120/463 1500/119/463
f 1487/121/464 1488/122/464 1497/122/464 1498/121/464
f 1498/121/19 1497/122/19 1508/122/19 1510/121/19
f 1491/126/465 1492/127/465 1493/127/465 1494/126/465
f 1484/117/466 1485/119/466 1500/119/466 1501/117/466
f 1489/124/467 1490/125/467 1495/125/467 1496/124/467
f 1492/127/468 1483/116/468 1502/116/468 1493/127/468
f 1490/125/469 1491/126/469 1494/126/469 1495/125/469
f 1488/122/470 1489/124/470 1496/124/470 1497/122/470
f 1483/116/471 1484/117/471 1501/117/471 1502/116/471
f 1504/116/42 1511/117/42 1521/117/42 1514/116/42
f 1499/120/135 1498/121/135 1510/121/135 1509/120/135
f 1496/124/17 1495/125/17 1506/125/17 1505/124/17
f 1502/116/21 1501/117/21 1511/117/21 1504/116/21
f 1494/126/15 1493/127/15 1503/127/15 1507/126/15
f 1495/125/16 1494/126/16 1507/126/16 1506/125/16
f 1500/119/22 1499/120/22 1509/120/22 1512/119/22
f 1501/117/9 1500/119/9 1512/119/9 1511/117/9
f 1497/122/18 1496/124/18 1505/124/18 1508/122/18
f 1493/127/14 1502/116/14 1504/116/14 1503/127/14
f 1517/126/472 1513/127/472 1523/127/472 1527/126/472
f 1507/126/162 1503/127/162 1513/127/162 1517/126/162
f 1506/125/473 1507/126/473 1517/126/473 1516/125/473
f 1512/119/42 1509/120/42 1519/120/42 1522/119/42
f 1511/117/473 1512/119/473 1522/119/473 1521/117/473
f 1508/122/42 1505/124/42 1515/124/42 1518/122/42
f 1503/127/42 1504/116/42 1514/116/42 1513/127/42
f 1510/121/43 1508/122/43 1518/122/43 1520/121/43
f 1509/120/163 1510/121/163 1520/121/163 1519/120/163
f 1505/124/42 1506/125/42 1516/125/42 1515/124/42
f 1526/125/221 1527/126/221 1537/126/221 1536/125/221
f 1516/125/198 1517/126/198 1527/126/198 1526/125/198
f 1522/119/199 1519/120/199 1529/120/199 1532/119/199
f 1521/117/474 1522/119/474 1532/119/474 1531/117/474
f 1518/122/201 1515/124/201 1525/124/201 1528/122/201
f 1513/127/202 1514/116/202 1524/116/202 1523/127/202
f 1520/121/203 1518/122/203 1528/122/203 1530/121/203
f 1519/120/204 1520/121/204 1530/121/204 1529/120/204
f 1515/124/205 1516/125/205 1526/125/205 1525/124/205
f 1514/116/206 1521/117/206 1531/117/206 1524/116/206
f 1567/117/160 1563/119/160 1552/119/160 1551/117/160
f 1532/119/475 1529/120/475 1539/120/475 1542/119/475
f 1531/117/124 1532/119/124 1542/119/124 1541/117/124
f 1528/122/124 1525/124/124 1535/124/124 1538/122/124
f 1523/127/186 1524/116/186 1534/116/186 1533/127/186
f 1530/121/124 1528/122/124 1538/122/124 1540/121/124
f 1529/120/221 1530/121/221 1540/121/221 1539/120/221
f 1525/124/475 1526/125/475 1536/125/475 1535/124/475
f 1524/116/124 1531/117/124 1541/117/124 1534/116/124
f 1527/126/124 1523/127/124 1533/127/124 1537/126/124
f 1544/116/124 1551/117/124 1552/119/124 1549/120/124 1550/121/124 1548/122/124 1545/124/124 1546/125/124 1547/126/124 1543/127/124
f 1568/122/185 1564/124/185 1545/124/185 1548/122/185
f 1569/127/14 1565/116/14 1544/116/14 1543/127/14
f 1570/121/19 1568/122/19 1548/122/19 1550/121/19
f 1571/120/135 1570/121/135 1550/121/135 1549/120/135
f 1564/124/161 1566/125/161 1546/125/161 1545/124/161
f 1565/116/172 1567/117/172 1551/117/172 1544/116/172
f 1572/126/146 1569/127/146 1543/127/146 1547/126/146
f 1566/125/16 1572/126/16 1547/126/16 1546/125/16
f 1563/119/22 1571/120/22 1549/120/22 1552/119/22
f 1542/119/22 1539/120/22 1560/120/22 1553/119/22
f 1536/125/16 1537/126/16 1562/126/16 1561/125/16
f 1537/126/15 1533/127/15 1558/127/15 1562/126/15
f 1534/116/21 1541/117/21 1554/117/21 1557/116/21
f 1535/124/17 1536/125/17 1561/125/17 1555/124/17
f 1539/120/20 1540/121/20 1559/121/20 1560/120/20
f 1540/121/19 1538/122/19 1556/122/19 1559/121/19
f 1533/127/14 1534/116/14 1557/116/14 1558/127/14
f 1538/122/18 1535/124/18 1555/124/18 1556/122/18
f 1541/117/9 1542/119/9 1553/119/9 1554/117/9
f 318/57/297 1576/57/297 1575/57/297 873/57/297
f 317/57/124 1573/57/124 1576/57/124 318/57/124
f 873/57/42 1575/57/42 1574/57/42 874/57/42
f 874/57/147 1574/57/147 1573/57/147 317/57/147
f 63/14/9 61/11/9 1586/11/9 1577/14/9
f 61/11/21 62/10/21 1585/10/21 1586/11/21
f 62/19/14 70/2/14 1584/55/14 1585/19/14
f 64/3/22 63/14/22 1577/14/22 1578/3/22
f 65/4/135 64/3/135 1578/3/135 1579/4/135
f 66/7/19 65/4/19 1579/4/19 1580/21/19
f 67/8/18 66/7/18 1580/21/18 1581/8/18
f 68/13/17 67/8/17 1581/8/17 1582/56/17
f 69/1/16 68/13/16 1582/56/16 1583/1/16
f 70/2/146 69/1/146 1583/1/146 1584/55/146
f 497/120/135 499/121/135 1592/121/135 1596/120/135
f 503/124/161 505/125/161 1590/125/161 1595/124/161
f 509/127/14 491/116/14 1588/131/14 1594/133/14
f 495/119/22 497/120/22 1596/120/22 1593/162/22
f 501/122/185 503/124/185 1595/124/185 1591/122/185
f 507/126/146 509/127/146 1594/133/146 1589/161/146
f 493/117/160 495/119/160 1593/162/160 1587/135/160
f 499/121/19 501/122/19 1591/122/19 1592/121/19
f 505/125/16 507/126/16 1589/161/16 1590/125/16
f 491/116/21 493/117/21 1587/135/21 1588/131/21
f 385/121/19 386/122/19 1626/122/19 1623/260/19
f 389/126/146 390/127/146 1618/133/146 1607/126/146
f 386/122/18 387/124/18 1613/132/18 1626/122/18
f 383/119/22 384/120/22 1615/261/22 1612/129/22
f 390/127/14 381/116/14 1621/262/14 1618/133/14
f 387/124/17 388/125/17 1609/130/17 1613/132/17
f 384/120/135 385/121/135 1623/260/135 1615/261/135
f 381/116/21 382/117/21 1619/128/21 1621/262/21
f 388/125/16 389/126/16 1607/126/16 1609/130/16
f 382/117/9 383/119/9 1612/129/9 1619/128/9
f 456/153/146 453/151/146 1640/263/146 1645/264/146
f 457/146/185 459/147/185 1644/160/185 1635/158/185
f 460/155/16 456/153/16 1645/264/16 1641/217/16
f 452/148/135 455/152/135 1638/225/135 1627/265/135
f 458/154/160 451/149/160 1630/266/160 1631/267/160
f 459/147/161 460/155/161 1641/217/161 1644/160/161
f 453/151/14 454/150/14 1634/268/14 1640/263/14
f 455/152/19 457/146/19 1635/158/19 1638/225/19
f 454/150/172 458/154/172 1631/267/172 1634/268/172
f 451/149/22 452/148/22 1627/265/22 1630/266/22
f 1657/17/21 1647/10/21 1648/11/21 1658/18/21
f 1658/18/9 1648/11/9 1649/14/9 1659/24/9
f 1659/24/22 1649/14/22 1650/3/22 1660/25/22
f 1660/25/20 1650/3/20 1651/4/20 1661/32/20
f 1661/32/19 1651/4/19 1652/7/19 1662/31/19
f 1662/31/18 1652/7/18 1653/8/18 1663/30/18
f 1663/30/17 1653/8/17 1654/13/17 1664/29/17
f 1664/29/16 1654/13/16 1655/1/16 1665/28/16
f 1665/28/15 1655/1/15 1656/2/15 1666/26/15
f 1666/26/14 1656/2/14 1647/19/14 1657/27/14
f 1648/11/42 1647/19/42 1656/2/42 1655/1/42 1654/13/42 1653/8/42 1652/7/42 1651/4/42 1650/3/42 1649/14/42
f 1664/29/221 1665/28/221 1675/28/221 1674/29/221
f 1663/30/221 1664/29/221 1674/29/221 1673/30/221
f 1662/31/476 1663/30/476 1673/30/476 1672/31/476
f 1661/32/477 1662/31/477 1672/31/477 1671/32/477
f 1660/25/175 1661/32/175 1671/32/175 1670/25/175
f 1657/17/478 1658/18/478 1668/18/478 1667/17/478
f 1659/24/475 1660/25/475 1670/25/475 1669/24/475
f 1658/18/479 1659/24/479 1669/24/479 1668/18/479
f 1666/26/480 1657/27/480 1667/27/480 1676/26/480
f 1665/28/481 1666/26/481 1676/26/481 1675/28/481
f 1686/26/42 1677/27/42 1687/27/42 1696/26/42
f 1683/30/42 1684/29/42 1694/29/42 1693/30/42
f 1680/25/42 1681/32/42 1691/32/42 1690/25/42
f 1677/17/43 1678/18/43 1688/18/43 1687/17/43
f 1684/29/42 1685/28/42 1695/28/42 1694/29/42
f 1681/32/41 1682/31/41 1692/31/41 1691/32/41
f 1678/18/42 1679/24/42 1689/24/42 1688/18/42
f 1685/28/42 1686/26/42 1696/26/42 1695/28/42
f 1682/31/41 1683/30/41 1693/30/41 1692/31/41
f 1679/24/42 1680/25/42 1690/25/42 1689/24/42
f 1693/30/482 1694/29/482 1704/29/482 1703/30/482
f 1690/25/483 1691/32/483 1701/32/483 1700/25/483
f 1687/17/484 1688/18/484 1698/18/484 1697/17/484
f 1694/29/485 1695/28/485 1705/28/485 1704/29/485
f 1691/32/486 1692/31/486 1702/31/486 1701/32/486
f 1688/18/487 1689/24/487 1699/24/487 1698/18/487
f 1695/28/488 1696/26/488 1706/26/488 1705/28/488
f 1692/31/489 1693/30/489 1703/30/489 1702/31/489
f 1689/24/490 1690/25/490 1700/25/490 1699/24/490
f 1696/26/491 1687/27/491 1697/27/491 1706/26/491
f 1700/25/124 1701/32/124 1711/32/124 1710/25/124
f 1697/17/124 1698/18/124 1708/18/124 1707/17/124
f 1704/29/124 1705/28/124 1715/28/124 1714/29/124
f 1701/32/124 1702/31/124 1712/31/124 1711/32/124
f 1698/18/124 1699/24/124 1709/24/124 1708/18/124
f 1705/28/186 1706/26/186 1716/26/186 1715/28/186
f 1702/31/124 1703/30/124 1713/30/124 1712/31/124
f 1699/24/124 1700/25/124 1710/25/124 1709/24/124
f 1706/26/159 1697/27/159 1707/27/159 1716/26/159
f 1703/30/124 1704/29/124 1714/29/124 1713/30/124
f 1707/17/172 1708/18/172 1718/18/172 1717/17/172
f 1714/29/16 1715/28/16 1725/28/16 1724/29/16
f 1711/32/19 1712/31/19 1722/31/19 1721/32/19
f 1708/18/160 1709/24/160 1719/24/160 1718/18/160
f 1715/28/146 1716/26/146 1726/26/146 1725/28/146
f 1712/31/185 1713/30/185 1723/30/185 1722/31/185
f 1709/24/22 1710/25/22 1720/25/22 1719/24/22
f 1716/26/14 1707/27/14 1717/27/14 1726/26/14
f 1713/30/161 1714/29/161 1724/29/161 1723/30/161
f 1710/25/135 1711/32/135 1721/32/135 1720/25/135
f 1721/32/159 1722/31/159 1732/31/159 1731/32/159
f 1718/18/124 1719/24/124 1729/24/124 1728/18/124
f 1725/28/186 1726/26/186 1736/26/186 1735/28/186
f 1722/31/124 1723/30/124 1733/30/124 1732/31/124
f 1719/24/124 1720/25/124 1730/25/124 1729/24/124
f 1726/26/124 1717/27/124 1727/27/124 1736/26/124
f 1723/30/186 1724/29/186 1734/29/186 1733/30/186
f 1720/25/124 1721/32/124 1731/32/124 1730/25/124
f 1717/17/124 1718/18/124 1728/18/124 1727/17/124
f 1724/29/175 1725/28/175 1735/28/175 1734/29/175
f 1728/18/9 1729/24/9 1739/24/9 1738/18/9
f 1735/28/15 1736/26/15 1746/26/15 1745/28/15
f 1732/31/185 1733/30/185 1743/30/185 1742/31/185
f 1729/24/22 1730/25/22 1740/25/22 1739/24/22
f 1736/26/14 1727/27/14 1737/27/14 1746/26/14
f 1733/30/161 1734/29/161 1744/29/161 1743/30/161
f 1730/25/135 1731/32/135 1741/32/135 1740/25/135
f 1727/17/21 1728/18/21 1738/18/21 1737/17/21
f 1734/29/16 1735/28/16 1745/28/16 1744/29/16
f 1731/32/19 1732/31/19 1742/31/19 1741/32/19
f 1737/27/124 1738/18/124 1739/24/124 1740/25/124 1741/32/124 1742/31/124 1743/30/124 1744/29/124 1745/28/124 1746/26/124
f 1758/166/42 1757/192/42 1748/171/42 1747/170/42
f 1766/145/42 1758/166/42 1747/170/42 1756/188/42
f 1757/192/42 1759/174/42 1749/174/42 1748/171/42
f 1759/174/42 1760/195/42 1750/176/42 1749/174/42
f 1760/195/164 1761/197/164 1751/178/164 1750/176/164
f 1761/197/42 1762/199/42 1752/180/42 1751/178/42
f 1762/199/42 1763/124/42 1753/182/42 1752/180/42
f 1763/124/42 1764/142/42 1754/184/42 1753/182/42
f 1764/142/42 1765/161/42 1755/186/42 1754/184/42
f 1765/161/42 1766/145/42 1756/188/42 1755/186/42
f 966/174/16 968/195/16 1760/195/16 1759/174/16
f 976/142/22 978/161/22 1765/161/22 1764/142/22
f 961/166/14 964/192/14 1757/192/14 1758/166/14
f 972/199/19 974/124/19 1763/124/19 1762/199/19
f 968/195/17 970/197/17 1761/197/17 1760/195/17
f 978/161/9 980/145/9 1766/145/9 1765/161/9
f 1777/17/14 1767/10/14 1768/11/14 1778/18/14
f 1778/18/146 1768/11/146 1769/14/146 1779/24/146
f 1779/24/16 1769/14/16 1770/3/16 1780/25/16
f 1780/25/17 1770/3/17 1771/4/17 1781/32/17
f 1781/32/18 1771/4/18 1772/7/18 1782/31/18
f 1782/31/19 1772/7/19 1773/8/19 1783/30/19
f 1783/30/135 1773/8/135 1774/13/135 1784/29/135
f 1784/29/22 1774/13/22 1775/1/22 1785/28/22
f 1785/28/9 1775/1/9 1776/2/9 1786/26/9
f 1786/26/21 1776/2/21 1767/19/21 1777/27/21
f 1768/11/124 1767/19/124 1776/2/124 1775/1/124 1774/13/124 1773/8/124 1772/7/124 1771/4/124 1770/3/124 1769/14/124
f 1784/29/42 1785/28/42 1795/28/42 1794/29/42
f 1783/30/43 1784/29/43 1794/29/43 1793/30/43
f 1782/31/42 1783/30/42 1793/30/42 1792/31/42
f 1781/32/42 1782/31/42 1792/31/42 1791/32/42
f 1780/25/42 1781/32/42 1791/32/42 1790/25/42
f 1777/17/42 1778/18/42 1788/18/42 1787/17/42
f 1779/24/42 1780/25/42 1790/25/42 1789/24/42
f 1778/18/42 1779/24/42 1789/24/42 1788/18/42
f 1786/26/164 1777/27/164 1787/27/164 1796/26/164
f 1785/28/43 1786/26/43 1796/26/43 1795/28/43
f 1806/26/124 1797/27/124 1807/27/124 1816/26/124
f 1803/30/159 1804/29/159 1814/29/159 1813/30/159
f 1800/25/124 1801/32/124 1811/32/124 1810/25/124
f 1797/17/124 1798/18/124 1808/18/124 1807/17/124
f 1804/29/186 1805/28/186 1815/28/186 1814/29/186
f 1801/32/124 1802/31/124 1812/31/124 1811/32/124
f 1798/18/124 1799/24/124 1809/24/124 1808/18/124
f 1805/28/159 1806/26/159 1816/26/159 1815/28/159
f 1802/31/124 1803/30/124 1813/30/124 1812/31/124
f 1799/24/124 1800/25/124 1810/25/124 1809/24/124
f 1813/30/492 1814/29/492 1824/29/492 1823/30/492
f 1810/25/493 1811/32/493 1821/32/493 1820/25/493
f 1807/17/494 1808/18/494 1818/18/494 1817/17/494
f 1814/29/495 1815/28/495 1825/28/495 1824/29/495
f 1811/32/496 1812/31/496 1822/31/496 1821/32/496
f 1808/18/497 1809/24/497 1819/24/497 1818/18/497
f 1815/28/498 1816/26/498 1826/26/498 1825/28/498
f 1812/31/499 1813/30/499 1823/30/499 1822/31/499
f 1809/24/500 1810/25/500 1820/25/500 1819/24/500
f 1816/26/501 1807/27/501 1817/27/501 1826/26/501
f 1820/25/42 1821/32/42 1831/32/42 1830/25/42
f 1817/17/42 1818/18/42 1828/18/42 1827/17/42
f 1824/29/42 1825/28/42 1835/28/42 1834/29/42
f 1821/32/42 1822/31/42 1832/31/42 1831/32/42
f 1818/18/42 1819/24/42 1829/24/42 1828/18/42
f 1825/28/43 1826/26/43 1836/26/43 1835/28/43
f 1822/31/42 1823/30/42 1833/30/42 1832/31/42
f 1819/24/43 1820/25/43 1830/25/43 1829/24/43
f 1826/26/42 1817/27/42 1827/27/42 1836/26/42
f 1823/30/42 1824/29/42 1834/29/42 1833/30/42
f 1827/17/14 1828/18/14 1838/18/14 1837/17/14
f 1834/29/22 1835/28/22 1845/28/22 1844/29/22
f 1831/32/185 1832/31/185 1842/31/185 1841/32/185
f 1828/18/146 1829/24/146 1839/24/146 1838/18/146
f 1835/28/160 1836/26/160 1846/26/160 1845/28/160
f 1832/31/19 1833/30/19 1843/30/19 1842/31/19
f 1829/24/16 1830/25/16 1840/25/16 1839/24/16
f 1836/26/172 1827/27/172 1837/27/172 1846/26/172
f 1833/30/135 1834/29/135 1844/29/135 1843/30/135
f 1830/25/161 1831/32/161 1841/32/161 1840/25/161
f 1841/32/42 1842/31/42 1852/31/42 1851/32/42
f 1838/18/42 1839/24/42 1849/24/42 1848/18/42
f 1845/28/42 1846/26/42 1856/26/42 1855/28/42
f 1842/31/164 1843/30/164 1853/30/164 1852/31/164
f 1839/24/42 1840/25/42 1850/25/42 1849/24/42
f 1846/26/42 1837/27/42 1847/27/42 1856/26/42
f 1843/30/43 1844/29/43 1854/29/43 1853/30/43
f 1840/25/42 1841/32/42 1851/32/42 1850/25/42
f 1837/17/42 1838/18/42 1848/18/42 1847/17/42
f 1844/29/162 1845/28/162 1855/28/162 1854/29/162
f 1848/18/15 1849/24/15 1859/24/15 1858/18/15
f 1855/28/9 1856/26/9 1866/26/9 1865/28/9
f 1852/31/19 1853/30/19 1863/30/19 1862/31/19
f 1849/24/16 1850/25/16 1860/25/16 1859/24/16
f 1856/26/21 1847/27/21 1857/27/21 1866/26/21
f 1853/30/135 1854/29/135 1864/29/135 1863/30/135
f 1850/25/161 1851/32/161 1861/32/161 1860/25/161
f 1847/17/14 1848/18/14 1858/18/14 1857/17/14
f 1854/29/22 1855/28/22 1865/28/22 1864/29/22
f 1851/32/18 1852/31/18 1862/31/18 1861/32/18
f 1857/27/42 1858/18/42 1859/24/42 1860/25/42 1861/32/42 1862/31/42 1863/30/42 1864/29/42 1865/28/42 1866/26/42
f 1877/17/14 1867/10/14 1868/11/14 1878/18/14
f 1878/18/146 1868/11/146 1869/14/146 1879/24/146
f 1879/24/16 1869/14/16 1870/3/16 1880/25/16
f 1880/25/17 1870/3/17 1871/4/17 1881/32/17
f 1881/32/18 1871/4/18 1872/7/18 1882/31/18
f 1882/31/19 1872/7/19 1873/8/19 1883/30/19
f 1883/30/135 1873/8/135 1874/13/135 1884/29/135
f 1884/29/22 1874/13/22 1875/1/22 1885/28/22
f 1885/28/9 1875/1/9 1876/2/9 1886/26/9
f 1886/26/21 1876/2/21 1867/19/21 1877/27/21
f 1585/19/502 1584/55/502 1887/55/502 1889/19/502
f 171/1/503 177/54/503 1888/54/503 1893/1/503
f 1578/3/504 1577/14/504 1900/14/504 1901/3/504
f 178/10/505 179/11/505 1892/11/505 1890/10/505
f 172/56/506 171/1/506 1893/1/506 1894/56/506
f 1579/4/507 1578/3/507 1901/3/507 1902/4/507
f 179/11/508 180/14/508 1899/14/508 1892/11/508
f 3270/8/509 172/56/509 1894/56/509 1895/8/509
f 1580/21/510 1579/4/510 1902/4/510 1903/21/510
f 3269/7/511 3270/8/511 1895/8/511 1896/7/511
f 1907/57/512 1917/57/512 1911/57/512 1909/57/512
f 1573/57/513 1916/57/513 1915/57/513 1576/57/513
f 1574/57/514 1912/57/514 1916/57/514 1573/57/514
f 1910/57/515 1913/57/515 1918/57/515 1908/57/515
f 1916/57/124 1917/57/124 1918/57/124 1915/57/124
f 1908/57/516 1918/57/516 1917/57/516 1907/57/516
f 1575/57/517 1914/57/517 1912/57/517 1574/57/517
f 1576/57/518 1915/57/518 1914/57/518 1575/57/518
f 1909/57/519 1911/57/519 1913/57/519 1910/57/519
f 98/35/17 97/36/17 1926/36/17 1919/35/17
f 95/39/20 94/33/20 1927/269/20 1920/43/20
f 91/40/21 92/37/21 1928/37/21 1921/40/21
f 99/41/16 98/35/16 1919/35/16 1922/41/16
f 96/42/19 95/39/19 1920/43/19 1923/42/19
f 93/34/9 91/40/9 1921/40/9 1924/34/9
f 100/38/15 99/41/15 1922/41/15 1925/38/15
f 97/36/18 96/42/18 1923/42/18 1926/36/18
f 94/33/22 93/34/22 1924/34/22 1927/269/22
f 92/37/14 100/38/14 1925/38/14 1928/37/14
f 169/34/520 163/33/520 1932/33/520 1936/34/520
f 1926/36/521 1923/42/521 1946/42/521 1929/36/521
f 1919/35/522 1926/36/522 1929/36/522 1942/35/522
f 161/36/523 162/35/523 1941/35/523 1930/36/523
f 168/42/524 161/36/524 1930/36/524 1937/42/524
f 1927/269/525 1924/34/525 1947/34/525 1931/269/525
f 1920/43/526 1927/269/526 1931/269/526 1943/43/526
f 167/41/527 170/38/527 1935/38/527 1938/41/527
f 1928/37/528 1925/38/528 1948/38/528 1933/37/528
f 1921/40/529 1928/37/529 1933/37/529 1944/40/529
f 19/26/14 1958/270/14 1949/271/14 1/27/14
f 17/28/15 1957/12/15 1958/270/15 19/26/15
f 15/29/16 1956/9/16 1957/12/16 17/28/16
f 13/30/17 1955/5/17 1956/9/17 15/29/17
f 11/31/18 1954/6/18 1955/5/18 13/30/18
f 9/32/19 1953/272/19 1954/6/19 11/31/19
f 7/25/20 1952/273/20 1953/272/20 9/32/20
f 5/24/22 1951/274/22 1952/273/22 7/25/22
f 3/18/9 1950/15/9 1951/274/9 5/24/9
f 1/17/21 1949/16/21 1950/15/21 3/18/21
f 1954/6/530 1953/272/530 1973/272/530 1974/6/530
f 1953/272/531 1952/273/531 1972/273/531 1973/272/531
f 31/11/532 33/14/532 1962/14/532 1959/11/532
f 37/8/533 38/13/533 1967/13/533 1966/8/533
f 1952/273/534 1951/274/534 1971/274/534 1972/273/534
f 1949/271/535 1958/270/535 1978/270/535 1961/271/535
f 35/4/536 36/7/536 1965/7/536 1964/4/536
f 40/2/537 32/19/537 1960/19/537 1969/2/537
f 1951/274/538 1950/15/538 1970/15/538 1971/274/538
f 1958/270/539 1957/12/539 1977/12/539 1978/270/539
f 1882/31/42 1883/30/42 1985/30/42 1984/31/42
f 1881/32/42 1882/31/42 1984/31/42 1983/32/42
f 1880/25/42 1881/32/42 1983/32/42 1982/25/42
f 1877/17/42 1878/18/42 1980/18/42 1979/17/42
f 1879/24/42 1880/25/42 1982/25/42 1981/24/42
f 1878/18/42 1879/24/42 1981/24/42 1980/18/42
f 1886/26/42 1877/27/42 1979/27/42 1988/26/42
f 1885/28/43 1886/26/43 1988/26/43 1987/28/43
f 1884/29/42 1885/28/42 1987/28/42 1986/29/42
f 1883/30/42 1884/29/42 1986/29/42 1985/30/42
f 1985/30/135 1986/29/135 1996/29/135 1995/30/135
f 1982/25/161 1983/32/161 1993/32/161 1992/25/161
f 1979/17/14 1980/18/14 1990/18/14 1989/17/14
f 1986/29/22 1987/28/22 1997/28/22 1996/29/22
f 1983/32/18 1984/31/18 1994/31/18 1993/32/18
f 1980/18/146 1981/24/146 1991/24/146 1990/18/146
f 1987/28/160 1988/26/160 1998/26/160 1997/28/160
f 1984/31/19 1985/30/19 1995/30/19 1994/31/19
f 1981/24/16 1982/25/16 1992/25/16 1991/24/16
f 1988/26/21 1979/27/21 1989/27/21 1998/26/21
f 1992/25/540 1993/32/540 2003/32/540 2002/25/540
f 1989/17/541 1990/18/541 2000/18/541 1999/17/541
f 1996/29/542 1997/28/542 2007/28/542 2006/29/542
f 1993/32/543 1994/31/543 2004/31/543 2003/32/543
f 1990/18/544 1991/24/544 2001/24/544 2000/18/544
f 1997/28/545 1998/26/545 2008/26/545 2007/28/545
f 1994/31/546 1995/30/546 2005/30/546 2004/31/546
f 1991/24/547 1992/25/547 2002/25/547 2001/24/547
f 1998/26/548 1989/27/548 1999/27/548 2008/26/548
f 1995/30/549 1996/29/549 2006/29/549 2005/30/549
f 1999/17/550 2000/18/550 2010/18/550 2009/17/550
f 2006/29/162 2007/28/162 2017/28/162 2016/29/162
f 2003/32/551 2004/31/551 2014/31/551 2013/32/551
f 2000/18/552 2001/24/552 2011/24/552 2010/18/552
f 2007/28/553 2008/26/553 2018/26/553 2017/28/553
f 2004/31/554 2005/30/554 2015/30/554 2014/31/554
f 2001/24/163 2002/25/163 2012/25/163 2011/24/163
f 2008/26/550 1999/27/550 2009/27/550 2018/26/550
f 2005/30/555 2006/29/555 2016/29/555 2015/30/555
f 2002/25/556 2003/32/556 2013/32/556 2012/25/556
f 2015/30/557 2016/29/557 2026/29/557 2025/30/557
f 2012/25/558 2013/32/558 2023/32/558 2022/25/558
f 2009/17/559 2010/18/559 2020/18/559 2019/17/559
f 2016/29/560 2017/28/560 2027/28/560 2026/29/560
f 2013/32/561 2014/31/561 2024/31/561 2023/32/561
f 2010/18/562 2011/24/562 2021/24/562 2020/18/562
f 2017/28/563 2018/26/563 2028/26/563 2027/28/563
f 2014/31/564 2015/30/564 2025/30/564 2024/31/564
f 2011/24/565 2012/25/565 2022/25/565 2021/24/565
f 2018/26/566 2009/27/566 2019/27/566 2028/26/566
f 3289/25/17 3290/32/17 2033/32/17 2032/25/17
f 3291/17/14 3292/18/14 2030/18/14 2029/17/14
f 3293/275/22 3294/28/22 2037/28/22 2036/29/22
f 3290/32/18 3295/276/18 2034/31/18 2033/32/18
f 3292/18/146 3296/24/146 2031/24/146 2030/18/146
f 3294/28/9 3297/277/9 2038/26/9 2037/28/9
f 3295/276/19 3298/278/19 2035/30/19 2034/31/19
f 3296/24/16 3289/25/16 2032/25/16 2031/24/16
f 3297/277/172 3291/27/172 2029/27/172 2038/26/172
f 3298/278/20 3293/275/20 2036/29/20 2035/30/20
f 2029/27/42 2030/18/42 2031/24/42 2032/25/42 2033/32/42 2034/31/42 2035/30/42 2036/29/42 2037/28/42 2038/26/42
f 2049/17/14 2039/10/14 2040/11/14 2050/18/14
f 2050/18/15 2040/11/15 2041/14/15 2051/24/15
f 2051/24/16 2041/14/16 2042/3/16 2052/25/16
f 2052/25/17 2042/3/17 2043/4/17 2053/32/17
f 2053/32/18 2043/4/18 2044/7/18 2054/31/18
f 2054/31/19 2044/7/19 2045/8/19 2055/30/19
f 2055/30/20 2045/8/20 2046/13/20 2056/29/20
f 2056/29/22 2046/13/22 2047/1/22 2057/28/22
f 2057/28/9 2047/1/9 2048/2/9 2058/26/9
f 2058/26/21 2048/2/21 2039/19/21 2049/27/21
f 2054/31/42 2055/30/42 2065/30/42 2064/31/42
f 2053/32/42 2054/31/42 2064/31/42 2063/32/42
f 2052/25/42 2053/32/42 2063/32/42 2062/25/42
f 2049/17/42 2050/18/42 2060/18/42 2059/17/42
f 2051/24/42 2052/25/42 2062/25/42 2061/24/42
f 2050/18/42 2051/24/42 2061/24/42 2060/18/42
f 2058/26/43 2049/27/43 2059/27/43 2068/26/43
f 2057/28/42 2058/26/42 2068/26/42 2067/28/42
f 2056/29/42 2057/28/42 2067/28/42 2066/29/42
f 2055/30/163 2056/29/163 2066/29/163 2065/30/163
f 2065/30/20 2066/29/20 2076/29/20 2075/30/20
f 2062/25/17 2063/32/17 2073/32/17 2072/25/17
f 2059/17/14 2060/18/14 2070/18/14 2069/17/14
f 2066/29/22 2067/28/22 2077/28/22 2076/29/22
f 2063/32/185 2064/31/185 2074/31/185 2073/32/185
f 2060/18/15 2061/24/15 2071/24/15 2070/18/15
f 2067/28/9 2068/26/9 2078/26/9 2077/28/9
f 2064/31/19 2065/30/19 2075/30/19 2074/31/19
f 2061/24/16 2062/25/16 2072/25/16 2071/24/16
f 2068/26/21 2059/27/21 2069/27/21 2078/26/21
f 2072/25/567 2073/32/567 2083/32/567 2082/25/567
f 2069/17/568 2070/18/568 2080/18/568 2079/17/568
f 2076/29/569 2077/28/569 2087/28/569 2086/29/569
f 2073/32/570 2074/31/570 2084/31/570 2083/32/570
f 2070/18/571 2071/24/571 2081/24/571 2080/18/571
f 2077/28/572 2078/26/572 2088/26/572 2087/28/572
f 2074/31/573 2075/30/573 2085/30/573 2084/31/573
f 2071/24/574 2072/25/574 2082/25/574 2081/24/574
f 2078/26/575 2069/27/575 2079/27/575 2088/26/575
f 2075/30/576 2076/29/576 2086/29/576 2085/30/576
f 2098/279/14 2097/280/14 2107/280/14 2108/279/14
f 2099/281/42 2100/282/42 2108/279/42 2107/280/42 2105/283/42 2106/284/42 2103/285/42 2104/286/42 2101/287/42 2102/288/42
f 2097/280/146 2096/283/146 2105/283/146 2107/280/146
f 2094/285/185 2093/286/185 2104/286/185 2103/285/185
f 2093/286/19 2092/287/19 2101/287/19 2104/286/19
f 2089/282/21 2098/279/21 2108/279/21 2100/282/21
f 2096/283/16 2095/284/16 2106/284/16 2105/283/16
f 2090/281/160 2089/282/160 2100/282/160 2099/281/160
f 2091/288/22 2090/281/22 2099/281/22 2102/288/22
f 2095/284/161 2094/285/161 2103/285/161 2106/284/161
f 2092/287/135 2091/288/135 2102/288/135 2101/287/135
f 2110/289/475 2111/26/475 2112/290/475 2109/291/475
f 2114/30/481 2115/275/481 2116/292/481 2113/293/481
f 2118/294/124 2119/31/124 2120/295/124 2117/296/124
f 2122/24/124 2123/25/124 2124/297/124 2121/298/124
f 2123/25/124 2118/294/124 2117/296/124 2124/297/124
f 2126/299/124 2122/24/124 2121/298/124 2125/300/124
f 2111/26/221 2127/27/221 2128/301/221 2112/290/221
f 2115/275/124 2110/289/124 2109/291/124 2116/292/124
f 2127/17/124 2126/299/124 2125/300/124 2128/302/124
f 2119/31/124 2114/30/124 2113/293/124 2120/295/124
f 2089/282/577 2090/281/577 2109/291/577 2112/290/577
f 2090/281/578 2091/288/578 2116/292/578 2109/291/578
f 2098/279/579 2089/282/579 2112/290/579 2128/302/579
f 2091/288/580 2092/287/580 2113/293/580 2116/292/580
f 2092/287/581 2093/286/581 2120/295/581 2113/293/581
f 2093/286/582 2094/285/582 2117/296/582 2120/295/582
f 2094/285/583 2095/284/583 2124/297/583 2117/296/583
f 2095/284/584 2096/283/584 2121/298/584 2124/297/584
f 2096/283/585 2097/280/585 2125/300/585 2121/298/585
f 2097/280/586 2098/279/586 2128/302/586 2125/300/586
f 2079/17/14 2080/18/14 2138/299/14 2132/17/14
f 2080/18/146 2081/24/146 2137/24/146 2138/299/146
f 2081/24/16 2082/25/16 2136/25/16 2137/24/16
f 2082/25/17 2083/32/17 2135/32/17 2136/25/17
f 2083/32/18 2084/31/18 2134/304/18 2135/32/18
f 2084/31/19 2085/30/19 2133/303/19 2134/304/19
f 2085/30/135 2086/29/135 2129/275/135 2133/303/135
f 2088/26/21 2079/27/21 2132/27/21 2131/26/21
f 2087/28/9 2088/26/9 2131/26/9 2130/28/9
f 2086/29/22 2087/28/22 2130/28/22 2129/275/22
f 2149/17/14 2139/10/14 2140/11/14 2150/18/14
f 2150/18/15 2140/11/15 2141/14/15 2151/24/15
f 2151/24/16 2141/14/16 2142/3/16 2152/25/16
f 2152/25/161 2142/3/161 2143/4/161 2153/32/161
f 2153/32/185 2143/4/185 2144/7/185 2154/31/185
f 2154/31/19 2144/7/19 2145/8/19 2155/30/19
f 2155/30/135 2145/8/135 2146/13/135 2156/29/135
f 2156/29/22 2146/13/22 2147/1/22 2157/28/22
f 2157/28/9 2147/1/9 2148/2/9 2158/26/9
f 2158/26/21 2148/2/21 2139/19/21 2149/27/21
f 2154/31/42 2155/30/42 2165/30/42 2164/31/42
f 2153/32/42 2154/31/42 2164/31/42 2163/32/42
f 2152/25/42 2153/32/42 2163/32/42 2162/25/42
f 2149/17/42 2150/18/42 2160/18/42 2159/17/42
f 2151/24/162 2152/25/162 2162/25/162 2161/24/162
f 2150/18/42 2151/24/42 2161/24/42 2160/18/42
f 2158/26/43 2149/27/43 2159/27/43 2168/26/43
f 2157/28/42 2158/26/42 2168/26/42 2167/28/42
f 2156/29/163 2157/28/163 2167/28/163 2166/29/163
f 2155/30/42 2156/29/42 2166/29/42 2165/30/42
f 2165/30/20 2166/29/20 2176/29/20 2175/30/20
f 2162/25/17 2163/32/17 2173/32/17 2172/25/17
f 2159/17/14 2160/18/14 2170/18/14 2169/17/14
f 2166/29/22 2167/28/22 2177/28/22 2176/29/22
f 2163/32/185 2164/31/185 2174/31/185 2173/32/185
f 2160/18/15 2161/24/15 2171/24/15 2170/18/15
f 2167/28/9 2168/26/9 2178/26/9 2177/28/9
f 2164/31/19 2165/30/19 2175/30/19 2174/31/19
f 2161/24/16 2162/25/16 2172/25/16 2171/24/16
f 2168/26/172 2159/27/172 2169/27/172 2178/26/172
f 2172/25/567 2173/32/567 2183/32/567 2182/25/567
f 2169/17/568 2170/18/568 2180/18/568 2179/17/568
f 2176/29/569 2177/28/569 2187/28/569 2186/29/569
f 2173/32/570 2174/31/570 2184/31/570 2183/32/570
f 2170/18/571 2171/24/571 2181/24/571 2180/18/571
f 2177/28/587 2178/26/587 2188/26/587 2187/28/587
f 2174/31/573 2175/30/573 2185/30/573 2184/31/573
f 2171/24/574 2172/25/574 2182/25/574 2181/24/574
f 2178/26/575 2169/27/575 2179/27/575 2188/26/575
f 2175/30/576 2176/29/576 2186/29/576 2185/30/576
f 2198/279/14 2197/280/14 2207/280/14 2208/279/14
f 2199/281/42 2200/282/42 2208/279/42 2207/280/42 2205/283/42 2206/284/42 2203/285/42 2204/286/42 2201/287/42 2202/288/42
f 2197/280/146 2196/283/146 2205/283/146 2207/280/146
f 2194/285/18 2193/286/18 2204/286/18 2203/285/18
f 2193/286/19 2192/287/19 2201/287/19 2204/286/19
f 2189/282/21 2198/279/21 2208/279/21 2200/282/21
f 2196/283/16 2195/284/16 2206/284/16 2205/283/16
f 2190/281/9 2189/282/9 2200/282/9 2199/281/9
f 2191/288/22 2190/281/22 2199/281/22 2202/288/22
f 2195/284/17 2194/285/17 2203/285/17 2206/284/17
f 2192/287/135 2191/288/135 2202/288/135 2201/287/135
f 2210/289/124 2211/26/124 2212/290/124 2209/291/124
f 2214/30/481 2215/275/481 2216/292/481 2213/293/481
f 2218/294/124 2219/31/124 2220/295/124 2217/296/124
f 2222/24/475 2223/25/475 2224/297/475 2221/298/475
f 2223/25/124 2218/294/124 2217/296/124 2224/297/124
f 2226/299/124 2222/24/124 2221/298/124 2225/300/124
f 2211/26/124 2227/27/124 2228/301/124 2212/290/124
f 2215/275/481 2210/289/481 2209/291/481 2216/292/481
f 2227/17/124 2226/299/124 2225/300/124 2228/302/124
f 2219/31/186 2214/30/186 2213/293/186 2220/295/186
f 2189/282/577 2190/281/577 2209/291/577 2212/290/577
f 2190/281/588 2191/288/588 2216/292/588 2209/291/588
f 2198/279/579 2189/282/579 2212/290/579 2228/302/579
f 2191/288/580 2192/287/580 2213/293/580 2216/292/580
f 2192/287/589 2193/286/589 2220/295/589 2213/293/589
f 2193/286/582 2194/285/582 2217/296/582 2220/295/582
f 2194/285/583 2195/284/583 2224/297/583 2217/296/583
f 2195/284/584 2196/283/584 2221/298/584 2224/297/584
f 2196/283/590 2197/280/590 2225/300/590 2221/298/590
f 2197/280/586 2198/279/586 2228/302/586 2225/300/586
f 2179/17/14 2180/18/14 2238/299/14 2232/17/14
f 2180/18/146 2181/24/146 2237/24/146 2238/299/146
f 2181/24/16 2182/25/16 2236/25/16 2237/24/16
f 2182/25/161 2183/32/161 2235/32/161 2236/25/161
f 2183/32/185 2184/31/185 2234/304/185 2235/32/185
f 2184/31/19 2185/30/19 2233/303/19 2234/304/19
f 2185/30/135 2186/29/135 2229/275/135 2233/303/135
f 2188/26/172 2179/27/172 2232/27/172 2231/26/172
f 2187/28/9 2188/26/9 2231/26/9 2230/28/9
f 2186/29/22 2187/28/22 2230/28/22 2229/275/22
f 2249/17/14 2239/10/14 2240/11/14 2250/18/14
f 2250/18/146 2240/11/146 2241/14/146 2251/24/146
f 2251/24/16 2241/14/16 2242/3/16 2252/25/16
f 2252/25/17 2242/3/17 2243/4/17 2253/32/17
f 2253/32/185 2243/4/185 2244/7/185 2254/31/185
f 2254/31/19 2244/7/19 2245/8/19 2255/30/19
f 2255/30/20 2245/8/20 2246/13/20 2256/29/20
f 2256/29/22 2246/13/22 2247/1/22 2257/28/22
f 2257/28/9 2247/1/9 2248/2/9 2258/26/9
f 2258/26/21 2248/2/21 2239/19/21 2249/27/21
f 2254/31/42 2255/30/42 2265/30/42 2264/31/42
f 2253/32/43 2254/31/43 2264/31/43 2263/32/43
f 2252/25/42 2253/32/42 2263/32/42 2262/25/42
f 2249/17/43 2250/18/43 2260/18/43 2259/17/43
f 2251/24/42 2252/25/42 2262/25/42 2261/24/42
f 2250/18/42 2251/24/42 2261/24/42 2260/18/42
f 2258/26/42 2249/27/42 2259/27/42 2268/26/42
f 2257/28/42 2258/26/42 2268/26/42 2267/28/42
f 2256/29/42 2257/28/42 2267/28/42 2266/29/42
f 2255/30/42 2256/29/42 2266/29/42 2265/30/42
f 2265/30/20 2266/29/20 2276/29/20 2275/30/20
f 2262/25/17 2263/32/17 2273/32/17 2272/25/17
f 2259/17/14 2260/18/14 2270/18/14 2269/17/14
f 2266/29/22 2267/28/22 2277/28/22 2276/29/22
f 2263/32/185 2264/31/185 2274/31/185 2273/32/185
f 2260/18/15 2261/24/15 2271/24/15 2270/18/15
f 2267/28/9 2268/26/9 2278/26/9 2277/28/9
f 2264/31/19 2265/30/19 2275/30/19 2274/31/19
f 2261/24/16 2262/25/16 2272/25/16 2271/24/16
f 2268/26/172 2259/27/172 2269/27/172 2278/26/172
f 2272/25/567 2273/32/567 2283/32/567 2282/25/567
f 2269/17/591 2270/18/591 2280/18/591 2279/17/591
f 2276/29/569 2277/28/569 2287/28/569 2286/29/569
f 2273/32/570 2274/31/570 2284/31/570 2283/32/570
f 2270/18/571 2271/24/571 2281/24/571 2280/18/571
f 2277/28/587 2278/26/587 2288/26/587 2287/28/587
f 2274/31/573 2275/30/573 2285/30/573 2284/31/573
f 2271/24/574 2272/25/574 2282/25/574 2281/24/574
f 2278/26/592 2269/27/592 2279/27/592 2288/26/592
f 2275/30/576 2276/29/576 2286/29/576 2285/30/576
f 2298/279/14 2297/280/14 2307/280/14 2308/279/14
f 2299/281/42 2300/282/42 2308/279/42 2307/280/42 2305/283/42 2306/284/42 2303/285/42 2304/286/42 2301/287/42 2302/288/42
f 2297/280/146 2296/283/146 2305/283/146 2307/280/146
f 2294/285/18 2293/286/18 2304/286/18 2303/285/18
f 2293/286/19 2292/287/19 2301/287/19 2304/286/19
f 2289/282/207 2298/279/207 2308/279/207 2300/282/207
f 2296/283/16 2295/284/16 2306/284/16 2305/283/16
f 2290/281/9 2289/282/9 2300/282/9 2299/281/9
f 2291/288/22 2290/281/22 2299/281/22 2302/288/22
f 2295/284/17 2294/285/17 2303/285/17 2306/284/17
f 2292/287/135 2291/288/135 2302/288/135 2301/287/135
f 2310/289/124 2311/26/124 2312/290/124 2309/291/124
f 2314/30/475 2315/275/475 2316/292/475 2313/293/475
f 2318/294/175 2319/31/175 2320/295/175 2317/296/175
f 2322/24/475 2323/25/475 2324/297/475 2321/298/475
f 2323/25/475 2318/294/475 2317/296/475 2324/297/475
f 2326/299/481 2322/24/481 2321/298/481 2325/300/481
f 2311/26/124 2327/27/124 2328/301/124 2312/290/124
f 2315/275/481 2310/289/481 2309/291/481 2316/292/481
f 2327/17/124 2326/299/124 2325/300/124 2328/302/124
f 2319/31/124 2314/30/124 2313/293/124 2320/295/124
f 2289/282/577 2290/281/577 2309/291/577 2312/290/577
f 2290/281/578 2291/288/578 2316/292/578 2309/291/578
f 2298/279/579 2289/282/579 2312/290/579 2328/302/579
f 2291/288/593 2292/287/593 2313/293/593 2316/292/593
f 2292/287/581 2293/286/581 2320/295/581 2313/293/581
f 2293/286/594 2294/285/594 2317/296/594 2320/295/594
f 2294/285/595 2295/284/595 2324/297/595 2317/296/595
f 2295/284/584 2296/283/584 2321/298/584 2324/297/584
f 2296/283/590 2297/280/590 2325/300/590 2321/298/590
f 2297/280/586 2298/279/586 2328/302/586 2325/300/586
f 2279/17/14 2280/18/14 2338/299/14 2332/17/14
f 2280/18/146 2281/24/146 2337/24/146 2338/299/146
f 2281/24/16 2282/25/16 2336/25/16 2337/24/16
f 2282/25/161 2283/32/161 2335/32/161 2336/25/161
f 2283/32/185 2284/31/185 2334/304/185 2335/32/185
f 2284/31/19 2285/30/19 2333/303/19 2334/304/19
f 2285/30/135 2286/29/135 2329/275/135 2333/303/135
f 2288/26/172 2279/27/172 2332/27/172 2331/26/172
f 2287/28/9 2288/26/9 2331/26/9 2330/28/9
f 2286/29/22 2287/28/22 2330/28/22 2329/275/22
f 2349/17/14 2339/10/14 2340/11/14 2350/18/14
f 2350/18/15 2340/11/15 2341/14/15 2351/24/15
f 2351/24/16 2341/14/16 2342/3/16 2352/25/16
f 2352/25/17 2342/3/17 2343/4/17 2353/32/17
f 2353/32/185 2343/4/185 2344/7/185 2354/31/185
f 2354/31/19 2344/7/19 2345/8/19 2355/30/19
f 2355/30/135 2345/8/135 2346/13/135 2356/29/135
f 2356/29/22 2346/13/22 2347/1/22 2357/28/22
f 2357/28/9 2347/1/9 2348/2/9 2358/26/9
f 2358/26/21 2348/2/21 2339/19/21 2349/27/21
f 2354/31/42 2355/30/42 2365/30/42 2364/31/42
f 2353/32/43 2354/31/43 2364/31/43 2363/32/43
f 2352/25/42 2353/32/42 2363/32/42 2362/25/42
f 2349/17/42 2350/18/42 2360/18/42 2359/17/42
f 2351/24/42 2352/25/42 2362/25/42 2361/24/42
f 2350/18/42 2351/24/42 2361/24/42 2360/18/42
f 2358/26/43 2349/27/43 2359/27/43 2368/26/43
f 2357/28/42 2358/26/42 2368/26/42 2367/28/42
f 2356/29/42 2357/28/42 2367/28/42 2366/29/42
f 2355/30/42 2356/29/42 2366/29/42 2365/30/42
f 2365/30/135 2366/29/135 2376/29/135 2375/30/135
f 2362/25/17 2363/32/17 2373/32/17 2372/25/17
f 2359/17/14 2360/18/14 2370/18/14 2369/17/14
f 2366/29/22 2367/28/22 2377/28/22 2376/29/22
f 2363/32/185 2364/31/185 2374/31/185 2373/32/185
f 2360/18/146 2361/24/146 2371/24/146 2370/18/146
f 2367/28/9 2368/26/9 2378/26/9 2377/28/9
f 2364/31/19 2365/30/19 2375/30/19 2374/31/19
f 2361/24/16 2362/25/16 2372/25/16 2371/24/16
f 2368/26/172 2359/27/172 2369/27/172 2378/26/172
f 2372/25/567 2373/32/567 2383/32/567 2382/25/567
f 2369/17/591 2370/18/591 2380/18/591 2379/17/591
f 2376/29/569 2377/28/569 2387/28/569 2386/29/569
f 2373/32/570 2374/31/570 2384/31/570 2383/32/570
f 2370/18/571 2371/24/571 2381/24/571 2380/18/571
f 2377/28/572 2378/26/572 2388/26/572 2387/28/572
f 2374/31/573 2375/30/573 2385/30/573 2384/31/573
f 2371/24/596 2372/25/596 2382/25/596 2381/24/596
f 2378/26/575 2369/27/575 2379/27/575 2388/26/575
f 2375/30/576 2376/29/576 2386/29/576 2385/30/576
f 2398/279/14 2397/280/14 2407/280/14 2408/279/14
f 2399/281/42 2400/282/42 2408/279/42 2407/280/42 2405/283/42 2406/284/42 2403/285/42 2404/286/42 2401/287/42 2402/288/42
f 2397/280/146 2396/283/146 2405/283/146 2407/280/146
f 2394/285/18 2393/286/18 2404/286/18 2403/285/18
f 2393/286/19 2392/287/19 2401/287/19 2404/286/19
f 2389/282/21 2398/279/21 2408/279/21 2400/282/21
f 2396/283/16 2395/284/16 2406/284/16 2405/283/16
f 2390/281/9 2389/282/9 2400/282/9 2399/281/9
f 2391/288/22 2390/281/22 2399/281/22 2402/288/22
f 2395/284/17 2394/285/17 2403/285/17 2406/284/17
f 2392/287/135 2391/288/135 2402/288/135 2401/287/135
f 2410/289/124 2411/26/124 2412/290/124 2409/291/124
f 2414/30/475 2415/275/475 2416/292/475 2413/293/475
f 2418/294/124 2419/31/124 2420/295/124 2417/296/124
f 2422/24/124 2423/25/124 2424/297/124 2421/298/124
f 2423/25/124 2418/294/124 2417/296/124 2424/297/124
f 2426/299/481 2422/24/481 2421/298/481 2425/300/481
f 2411/26/124 2427/27/124 2428/301/124 2412/290/124
f 2415/275/124 2410/289/124 2409/291/124 2416/292/124
f 2427/17/221 2426/299/221 2425/300/221 2428/302/221
f 2419/31/124 2414/30/124 2413/293/124 2420/295/124
f 2389/282/577 2390/281/577 2409/291/577 2412/290/577
f 2390/281/578 2391/288/578 2416/292/578 2409/291/578
f 2398/279/579 2389/282/579 2412/290/579 2428/302/579
f 2391/288/597 2392/287/597 2413/293/597 2416/292/597
f 2392/287/581 2393/286/581 2420/295/581 2413/293/581
f 2393/286/582 2394/285/582 2417/296/582 2420/295/582
f 2394/285/595 2395/284/595 2424/297/595 2417/296/595
f 2395/284/584 2396/283/584 2421/298/584 2424/297/584
f 2396/283/598 2397/280/598 2425/300/598 2421/298/598
f 2397/280/586 2398/279/586 2428/302/586 2425/300/586
f 2379/17/14 2380/18/14 2438/299/14 2432/17/14
f 2380/18/146 2381/24/146 2437/24/146 2438/299/146
f 2381/24/16 2382/25/16 2436/25/16 2437/24/16
f 2382/25/161 2383/32/161 2435/32/161 2436/25/161
f 2383/32/185 2384/31/185 2434/304/185 2435/32/185
f 2384/31/19 2385/30/19 2433/303/19 2434/304/19
f 2385/30/20 2386/29/20 2429/275/20 2433/303/20
f 2388/26/172 2379/27/172 2432/27/172 2431/26/172
f 2387/28/9 2388/26/9 2431/26/9 2430/28/9
f 2386/29/22 2387/28/22 2430/28/22 2429/275/22
f 2449/17/14 2439/10/14 2440/11/14 2450/18/14
f 2450/18/146 2440/11/146 2441/14/146 2451/24/146
f 2451/24/16 2441/14/16 2442/3/16 2452/25/16
f 2452/25/17 2442/3/17 2443/4/17 2453/32/17
f 2453/32/185 2443/4/185 2444/7/185 2454/31/185
f 2454/31/19 2444/7/19 2445/8/19 2455/30/19
f 2455/30/20 2445/8/20 2446/13/20 2456/29/20
f 2456/29/22 2446/13/22 2447/1/22 2457/28/22
f 2457/28/160 2447/1/160 2448/2/160 2458/26/160
f 2458/26/21 2448/2/21 2439/19/21 2449/27/21
f 2454/31/42 2455/30/42 2465/30/42 2464/31/42
f 2453/32/43 2454/31/43 2464/31/43 2463/32/43
f 2452/25/162 2453/32/162 2463/32/162 2462/25/162
f 2449/17/42 2450/18/42 2460/18/42 2459/17/42
f 2451/24/162 2452/25/162 2462/25/162 2461/24/162
f 2450/18/42 2451/24/42 2461/24/42 2460/18/42
f 2458/26/43 2449/27/43 2459/27/43 2468/26/43
f 2457/28/42 2458/26/42 2468/26/42 2467/28/42
f 2456/29/163 2457/28/163 2467/28/163 2466/29/163
f 2455/30/163 2456/29/163 2466/29/163 2465/30/163
f 2465/30/135 2466/29/135 2476/29/135 2475/30/135
f 2462/25/17 2463/32/17 2473/32/17 2472/25/17
f 2459/17/14 2460/18/14 2470/18/14 2469/17/14
f 2466/29/22 2467/28/22 2477/28/22 2476/29/22
f 2463/32/185 2464/31/185 2474/31/185 2473/32/185
f 2460/18/15 2461/24/15 2471/24/15 2470/18/15
f 2467/28/9 2468/26/9 2478/26/9 2477/28/9
f 2464/31/19 2465/30/19 2475/30/19 2474/31/19
f 2461/24/16 2462/25/16 2472/25/16 2471/24/16
f 2468/26/172 2459/27/172 2469/27/172 2478/26/172
f 2472/25/567 2473/32/567 2483/32/567 2482/25/567
f 2469/17/591 2470/18/591 2480/18/591 2479/17/591
f 2476/29/569 2477/28/569 2487/28/569 2486/29/569
f 2473/32/570 2474/31/570 2484/31/570 2483/32/570
f 2470/18/571 2471/24/571 2481/24/571 2480/18/571
f 2477/28/572 2478/26/572 2488/26/572 2487/28/572
f 2474/31/573 2475/30/573 2485/30/573 2484/31/573
f 2471/24/574 2472/25/574 2482/25/574 2481/24/574
f 2478/26/575 2469/27/575 2479/27/575 2488/26/575
f 2475/30/576 2476/29/576 2486/29/576 2485/30/576
f 2498/279/14 2497/280/14 2507/280/14 2508/279/14
f 2499/281/42 2500/282/42 2508/279/42 2507/280/42 2505/283/42 2506/284/42 2503/285/42 2504/286/42 2501/287/42 2502/288/42
f 2497/280/146 2496/283/146 2505/283/146 2507/280/146
f 2494/285/18 2493/286/18 2504/286/18 2503/285/18
f 2493/286/19 2492/287/19 2501/287/19 2504/286/19
f 2489/282/21 2498/279/21 2508/279/21 2500/282/21
f 2496/283/16 2495/284/16 2506/284/16 2505/283/16
f 2490/281/160 2489/282/160 2500/282/160 2499/281/160
f 2491/288/22 2490/281/22 2499/281/22 2502/288/22
f 2495/284/17 2494/285/17 2503/285/17 2506/284/17
f 2492/287/135 2491/288/135 2502/288/135 2501/287/135
f 2510/289/124 2511/26/124 2512/290/124 2509/291/124
f 2514/30/481 2515/275/481 2516/292/481 2513/293/481
f 2518/294/124 2519/31/124 2520/295/124 2517/296/124
f 2522/24/475 2523/25/475 2524/297/475 2521/298/475
f 2523/25/124 2518/294/124 2517/296/124 2524/297/124
f 2526/299/124 2522/24/124 2521/298/124 2525/300/124
f 2511/26/124 2527/27/124 2528/301/124 2512/290/124
f 2515/275/481 2510/289/481 2509/291/481 2516/292/481
f 2527/17/124 2526/299/124 2525/300/124 2528/302/124
f 2519/31/186 2514/30/186 2513/293/186 2520/295/186
f 2489/282/577 2490/281/577 2509/291/577 2512/290/577
f 2490/281/578 2491/288/578 2516/292/578 2509/291/578
f 2498/279/579 2489/282/579 2512/290/579 2528/302/579
f 2491/288/580 2492/287/580 2513/293/580 2516/292/580
f 2492/287/581 2493/286/581 2520/295/581 2513/293/581
f 2493/286/582 2494/285/582 2517/296/582 2520/295/582
f 2494/285/595 2495/284/595 2524/297/595 2517/296/595
f 2495/284/584 2496/283/584 2521/298/584 2524/297/584
f 2496/283/590 2497/280/590 2525/300/590 2521/298/590
f 2497/280/586 2498/279/586 2528/302/586 2525/300/586
f 2479/17/14 2480/18/14 2538/299/14 2532/17/14
f 2480/18/146 2481/24/146 2537/24/146 2538/299/146
f 2481/24/16 2482/25/16 2536/25/16 2537/24/16
f 2482/25/161 2483/32/161 2535/32/161 2536/25/161
f 2483/32/185 2484/31/185 2534/304/185 2535/32/185
f 2484/31/19 2485/30/19 2533/303/19 2534/304/19
f 2485/30/135 2486/29/135 2529/275/135 2533/303/135
f 2488/26/172 2479/27/172 2532/27/172 2531/26/172
f 2487/28/160 2488/26/160 2531/26/160 2530/28/160
f 2486/29/22 2487/28/22 2530/28/22 2529/275/22
f 2549/17/14 2539/10/14 2540/11/14 2550/18/14
f 2550/18/15 2540/11/15 2541/14/15 2551/24/15
f 2551/24/16 2541/14/16 2542/3/16 2552/25/16
f 2552/25/161 2542/3/161 2543/4/161 2553/32/161
f 2553/32/185 2543/4/185 2544/7/185 2554/31/185
f 2554/31/19 2544/7/19 2545/8/19 2555/30/19
f 2555/30/135 2545/8/135 2546/13/135 2556/29/135
f 2556/29/22 2546/13/22 2547/1/22 2557/28/22
f 2557/28/9 2547/1/9 2548/2/9 2558/26/9
f 2558/26/21 2548/2/21 2539/19/21 2549/27/21
f 2554/31/42 2555/30/42 2565/30/42 2564/31/42
f 2553/32/42 2554/31/42 2564/31/42 2563/32/42
f 2552/25/42 2553/32/42 2563/32/42 2562/25/42
f 2549/17/42 2550/18/42 2560/18/42 2559/17/42
f 2551/24/162 2552/25/162 2562/25/162 2561/24/162
f 2550/18/162 2551/24/162 2561/24/162 2560/18/162
f 2558/26/43 2549/27/43 2559/27/43 2568/26/43
f 2557/28/163 2558/26/163 2568/26/163 2567/28/163
f 2556/29/163 2557/28/163 2567/28/163 2566/29/163
f 2555/30/42 2556/29/42 2566/29/42 2565/30/42
f 2565/30/20 2566/29/20 2576/29/20 2575/30/20
f 2562/25/17 2563/32/17 2573/32/17 2572/25/17
f 2559/17/14 2560/18/14 2570/18/14 2569/17/14
f 2566/29/22 2567/28/22 2577/28/22 2576/29/22
f 2563/32/185 2564/31/185 2574/31/185 2573/32/185
f 2560/18/15 2561/24/15 2571/24/15 2570/18/15
f 2567/28/9 2568/26/9 2578/26/9 2577/28/9
f 2564/31/19 2565/30/19 2575/30/19 2574/31/19
f 2561/24/16 2562/25/16 2572/25/16 2571/24/16
f 2568/26/172 2559/27/172 2569/27/172 2578/26/172
f 2572/25/567 2573/32/567 2583/32/567 2582/25/567
f 2569/17/591 2570/18/591 2580/18/591 2579/17/591
f 2576/29/569 2577/28/569 2587/28/569 2586/29/569
f 2573/32/570 2574/31/570 2584/31/570 2583/32/570
f 2570/18/599 2571/24/599 2581/24/599 2580/18/599
f 2577/28/572 2578/26/572 2588/26/572 2587/28/572
f 2574/31/573 2575/30/573 2585/30/573 2584/31/573
f 2571/24/574 2572/25/574 2582/25/574 2581/24/574
f 2578/26/575 2569/27/575 2579/27/575 2588/26/575
f 2575/30/576 2576/29/576 2586/29/576 2585/30/576
f 2598/279/14 2597/280/14 2607/280/14 2608/279/14
f 2599/281/42 2600/282/42 2608/279/42 2607/280/42 2605/283/42 2606/284/42 2603/285/42 2604/286/42 2601/287/42 2602/288/42
f 2597/280/146 2596/283/146 2605/283/146 2607/280/146
f 2594/285/18 2593/286/18 2604/286/18 2603/285/18
f 2593/286/19 2592/287/19 2601/287/19 2604/286/19
f 2589/282/21 2598/279/21 2608/279/21 2600/282/21
f 2596/283/16 2595/284/16 2606/284/16 2605/283/16
f 2590/281/9 2589/282/9 2600/282/9 2599/281/9
f 2591/288/22 2590/281/22 2599/281/22 2602/288/22
f 2595/284/17 2594/285/17 2603/285/17 2606/284/17
f 2592/287/20 2591/288/20 2602/288/20 2601/287/20
f 2610/289/124 2611/26/124 2612/290/124 2609/291/124
f 2614/30/481 2615/275/481 2616/292/481 2613/293/481
f 2618/294/124 2619/31/124 2620/295/124 2617/296/124
f 2622/24/124 2623/25/124 2624/297/124 2621/298/124
f 2623/25/124 2618/294/124 2617/296/124 2624/297/124
f 2626/299/124 2622/24/124 2621/298/124 2625/300/124
f 2611/26/124 2627/27/124 2628/301/124 2612/290/124
f 2615/275/124 2610/289/124 2609/291/124 2616/292/124
f 2627/17/124 2626/299/124 2625/300/124 2628/302/124
f 2619/31/186 2614/30/186 2613/293/186 2620/295/186
f 2589/282/577 2590/281/577 2609/291/577 2612/290/577
f 2590/281/578 2591/288/578 2616/292/578 2609/291/578
f 2598/279/579 2589/282/579 2612/290/579 2628/302/579
f 2591/288/593 2592/287/593 2613/293/593 2616/292/593
f 2592/287/589 2593/286/589 2620/295/589 2613/293/589
f 2593/286/582 2594/285/582 2617/296/582 2620/295/582
f 2594/285/583 2595/284/583 2624/297/583 2617/296/583
f 2595/284/584 2596/283/584 2621/298/584 2624/297/584
f 2596/283/590 2597/280/590 2625/300/590 2621/298/590
f 2597/280/586 2598/279/586 2628/302/586 2625/300/586
f 2579/17/14 2580/18/14 2638/299/14 2632/17/14
f 2580/18/146 2581/24/146 2637/24/146 2638/299/146
f 2581/24/16 2582/25/16 2636/25/16 2637/24/16
f 2582/25/161 2583/32/161 2635/32/161 2636/25/161
f 2583/32/185 2584/31/185 2634/304/185 2635/32/185
f 2584/31/19 2585/30/19 2633/303/19 2634/304/19
f 2585/30/135 2586/29/135 2629/275/135 2633/303/135
f 2588/26/172 2579/27/172 2632/27/172 2631/26/172
f 2587/28/160 2588/26/160 2631/26/160 2630/28/160
f 2586/29/22 2587/28/22 2630/28/22 2629/275/22
f 2649/17/14 2639/10/14 2640/11/14 2650/18/14
f 2650/18/146 2640/11/146 2641/14/146 2651/24/146
f 2651/24/16 2641/14/16 2642/3/16 2652/25/16
f 2652/25/17 2642/3/17 2643/4/17 2653/32/17
f 2653/32/185 2643/4/185 2644/7/185 2654/31/185
f 2654/31/19 2644/7/19 2645/8/19 2655/30/19
f 2655/30/20 2645/8/20 2646/13/20 2656/29/20
f 2656/29/22 2646/13/22 2647/1/22 2657/28/22
f 2657/28/9 2647/1/9 2648/2/9 2658/26/9
f 2658/26/21 2648/2/21 2639/19/21 2649/27/21
f 2654/31/42 2655/30/42 2665/30/42 2664/31/42
f 2653/32/43 2654/31/43 2664/31/43 2663/32/43
f 2652/25/42 2653/32/42 2663/32/42 2662/25/42
f 2649/17/42 2650/18/42 2660/18/42 2659/17/42
f 2651/24/162 2652/25/162 2662/25/162 2661/24/162
f 2650/18/42 2651/24/42 2661/24/42 2660/18/42
f 2658/26/43 2649/27/43 2659/27/43 2668/26/43
f 2657/28/42 2658/26/42 2668/26/42 2667/28/42
f 2656/29/163 2657/28/163 2667/28/163 2666/29/163
f 2655/30/42 2656/29/42 2666/29/42 2665/30/42
f 2665/30/135 2666/29/135 2676/29/135 2675/30/135
f 2662/25/17 2663/32/17 2673/32/17 2672/25/17
f 2659/17/14 2660/18/14 2670/18/14 2669/17/14
f 2666/29/22 2667/28/22 2677/28/22 2676/29/22
f 2663/32/185 2664/31/185 2674/31/185 2673/32/185
f 2660/18/146 2661/24/146 2671/24/146 2670/18/146
f 2667/28/9 2668/26/9 2678/26/9 2677/28/9
f 2664/31/19 2665/30/19 2675/30/19 2674/31/19
f 2661/24/16 2662/25/16 2672/25/16 2671/24/16
f 2668/26/172 2659/27/172 2669/27/172 2678/26/172
f 2672/25/567 2673/32/567 2683/32/567 2682/25/567
f 2669/17/568 2670/18/568 2680/18/568 2679/17/568
f 2676/29/569 2677/28/569 2687/28/569 2686/29/569
f 2673/32/570 2674/31/570 2684/31/570 2683/32/570
f 2670/18/571 2671/24/571 2681/24/571 2680/18/571
f 2677/28/587 2678/26/587 2688/26/587 2687/28/587
f 2674/31/573 2675/30/573 2685/30/573 2684/31/573
f 2671/24/574 2672/25/574 2682/25/574 2681/24/574
f 2678/26/575 2669/27/575 2679/27/575 2688/26/575
f 2675/30/576 2676/29/576 2686/29/576 2685/30/576
f 2698/279/14 2697/280/14 2707/280/14 2708/279/14
f 2699/281/42 2700/282/42 2708/279/42 2707/280/42 2705/283/42 2706/284/42 2703/285/42 2704/286/42 2701/287/42 2702/288/42
f 2697/280/146 2696/283/146 2705/283/146 2707/280/146
f 2694/285/18 2693/286/18 2704/286/18 2703/285/18
f 2693/286/19 2692/287/19 2701/287/19 2704/286/19
f 2689/282/21 2698/279/21 2708/279/21 2700/282/21
f 2696/283/16 2695/284/16 2706/284/16 2705/283/16
f 2690/281/9 2689/282/9 2700/282/9 2699/281/9
f 2691/288/22 2690/281/22 2699/281/22 2702/288/22
f 2695/284/161 2694/285/161 2703/285/161 2706/284/161
f 2692/287/135 2691/288/135 2702/288/135 2701/287/135
f 2710/289/124 2711/26/124 2712/290/124 2709/291/124
f 2714/30/124 2715/275/124 2716/292/124 2713/293/124
f 2718/294/221 2719/31/221 2720/295/221 2717/296/221
f 2722/24/475 2723/25/475 2724/297/475 2721/298/475
f 2723/25/124 2718/294/124 2717/296/124 2724/297/124
f 2726/299/481 2722/24/481 2721/298/481 2725/300/481
f 2711/26/124 2727/27/124 2728/301/124 2712/290/124
f 2715/275/481 2710/289/481 2709/291/481 2716/292/481
f 2727/17/186 2726/299/186 2725/300/186 2728/302/186
f 2719/31/475 2714/30/475 2713/293/475 2720/295/475
f 2689/282/577 2690/281/577 2709/291/577 2712/290/577
f 2690/281/578 2691/288/578 2716/292/578 2709/291/578
f 2698/279/579 2689/282/579 2712/290/579 2728/302/579
f 2691/288/580 2692/287/580 2713/293/580 2716/292/580
f 2692/287/589 2693/286/589 2720/295/589 2713/293/589
f 2693/286/582 2694/285/582 2717/296/582 2720/295/582
f 2694/285/583 2695/284/583 2724/297/583 2717/296/583
f 2695/284/584 2696/283/584 2721/298/584 2724/297/584
f 2696/283/590 2697/280/590 2725/300/590 2721/298/590
f 2697/280/586 2698/279/586 2728/302/586 2725/300/586
f 2679/17/14 2680/18/14 2738/299/14 2732/17/14
f 2680/18/146 2681/24/146 2737/24/146 2738/299/146
f 2681/24/16 2682/25/16 2736/25/16 2737/24/16
f 2682/25/161 2683/32/161 2735/32/161 2736/25/161
f 2683/32/185 2684/31/185 2734/304/185 2735/32/185
f 2684/31/19 2685/30/19 2733/303/19 2734/304/19
f 2685/30/135 2686/29/135 2729/275/135 2733/303/135
f 2688/26/172 2679/27/172 2732/27/172 2731/26/172
f 2687/28/9 2688/26/9 2731/26/9 2730/28/9
f 2686/29/22 2687/28/22 2730/28/22 2729/275/22
f 2749/17/14 2739/10/14 2740/11/14 2750/18/14
f 2750/18/146 2740/11/146 2741/14/146 2751/24/146
f 2751/24/16 2741/14/16 2742/3/16 2752/25/16
f 2752/25/17 2742/3/17 2743/4/17 2753/32/17
f 2753/32/185 2743/4/185 2744/7/185 2754/31/185
f 2754/31/19 2744/7/19 2745/8/19 2755/30/19
f 2755/30/20 2745/8/20 2746/13/20 2756/29/20
f 2756/29/22 2746/13/22 2747/1/22 2757/28/22
f 2757/28/9 2747/1/9 2748/2/9 2758/26/9
f 2758/26/21 2748/2/21 2739/19/21 2749/27/21
f 2754/31/42 2755/30/42 2765/30/42 2764/31/42
f 2753/32/43 2754/31/43 2764/31/43 2763/32/43
f 2752/25/42 2753/32/42 2763/32/42 2762/25/42
f 2749/17/42 2750/18/42 2760/18/42 2759/17/42
f 2751/24/42 2752/25/42 2762/25/42 2761/24/42
f 2750/18/42 2751/24/42 2761/24/42 2760/18/42
f 2758/26/43 2749/27/43 2759/27/43 2768/26/43
f 2757/28/42 2758/26/42 2768/26/42 2767/28/42
f 2756/29/42 2757/28/42 2767/28/42 2766/29/42
f 2755/30/42 2756/29/42 2766/29/42 2765/30/42
f 2765/30/20 2766/29/20 2776/29/20 2775/30/20
f 2762/25/17 2763/32/17 2773/32/17 2772/25/17
f 2759/17/14 2760/18/14 2770/18/14 2769/17/14
f 2766/29/22 2767/28/22 2777/28/22 2776/29/22
f 2763/32/185 2764/31/185 2774/31/185 2773/32/185
f 2760/18/15 2761/24/15 2771/24/15 2770/18/15
f 2767/28/9 2768/26/9 2778/26/9 2777/28/9
f 2764/31/19 2765/30/19 2775/30/19 2774/31/19
f 2761/24/16 2762/25/16 2772/25/16 2771/24/16
f 2768/26/172 2759/27/172 2769/27/172 2778/26/172
f 2772/25/567 2773/32/567 2783/32/567 2782/25/567
f 2769/17/591 2770/18/591 2780/18/591 2779/17/591
f 2776/29/569 2777/28/569 2787/28/569 2786/29/569
f 2773/32/570 2774/31/570 2784/31/570 2783/32/570
f 2770/18/571 2771/24/571 2781/24/571 2780/18/571
f 2777/28/587 2778/26/587 2788/26/587 2787/28/587
f 2774/31/573 2775/30/573 2785/30/573 2784/31/573
f 2771/24/596 2772/25/596 2782/25/596 2781/24/596
f 2778/26/592 2769/27/592 2779/27/592 2788/26/592
f 2775/30/576 2776/29/576 2786/29/576 2785/30/576
f 2798/279/14 2797/280/14 2807/280/14 2808/279/14
f 2799/281/42 2800/282/42 2808/279/42 2807/280/42 2805/283/42 2806/284/42 2803/285/42 2804/286/42 2801/287/42 2802/288/42
f 2797/280/146 2796/283/146 2805/283/146 2807/280/146
f 2794/285/18 2793/286/18 2804/286/18 2803/285/18
f 2793/286/19 2792/287/19 2801/287/19 2804/286/19
f 2789/282/21 2798/279/21 2808/279/21 2800/282/21
f 2796/283/16 2795/284/16 2806/284/16 2805/283/16
f 2790/281/9 2789/282/9 2800/282/9 2799/281/9
f 2791/288/22 2790/281/22 2799/281/22 2802/288/22
f 2795/284/17 2794/285/17 2803/285/17 2806/284/17
f 2792/287/135 2791/288/135 2802/288/135 2801/287/135
f 2810/289/124 2811/26/124 2812/290/124 2809/291/124
f 2814/30/475 2815/275/475 2816/292/475 2813/293/475
f 2818/294/124 2819/31/124 2820/295/124 2817/296/124
f 2822/24/124 2823/25/124 2824/297/124 2821/298/124
f 2823/25/124 2818/294/124 2817/296/124 2824/297/124
f 2826/299/481 2822/24/481 2821/298/481 2825/300/481
f 2811/26/124 2827/27/124 2828/301/124 2812/290/124
f 2815/275/124 2810/289/124 2809/291/124 2816/292/124
f 2827/17/221 2826/299/221 2825/300/221 2828/302/221
f 2819/31/124 2814/30/124 2813/293/124 2820/295/124
f 2789/282/577 2790/281/577 2809/291/577 2812/290/577
f 2790/281/578 2791/288/578 2816/292/578 2809/291/578
f 2798/279/579 2789/282/579 2812/290/579 2828/302/579
f 2791/288/597 2792/287/597 2813/293/597 2816/292/597
f 2792/287/581 2793/286/581 2820/295/581 2813/293/581
f 2793/286/582 2794/285/582 2817/296/582 2820/295/582
f 2794/285/583 2795/284/583 2824/297/583 2817/296/583
f 2795/284/584 2796/283/584 2821/298/584 2824/297/584
f 2796/283/585 2797/280/585 2825/300/585 2821/298/585
f 2797/280/586 2798/279/586 2828/302/586 2825/300/586
f 2779/17/14 2780/18/14 2838/299/14 2832/17/14
f 2780/18/146 2781/24/146 2837/24/146 2838/299/146
f 2781/24/16 2782/25/16 2836/25/16 2837/24/16
f 2782/25/161 2783/32/161 2835/32/161 2836/25/161
f 2783/32/185 2784/31/185 2834/304/185 2835/32/185
f 2784/31/19 2785/30/19 2833/303/19 2834/304/19
f 2785/30/135 2786/29/135 2829/275/135 2833/303/135
f 2788/26/172 2779/27/172 2832/27/172 2831/26/172
f 2787/28/160 2788/26/160 2831/26/160 2830/28/160
f 2786/29/22 2787/28/22 2830/28/22 2829/275/22
f 2849/17/14 2839/10/14 2840/11/14 2850/18/14
f 2850/18/15 2840/11/15 2841/14/15 2851/24/15
f 2851/24/16 2841/14/16 2842/3/16 2852/25/16
f 2852/25/17 2842/3/17 2843/4/17 2853/32/17
f 2853/32/185 2843/4/185 2844/7/185 2854/31/185
f 2854/31/19 2844/7/19 2845/8/19 2855/30/19
f 2855/30/20 2845/8/20 2846/13/20 2856/29/20
f 2856/29/22 2846/13/22 2847/1/22 2857/28/22
f 2857/28/9 2847/1/9 2848/2/9 2858/26/9
f 2858/26/21 2848/2/21 2839/19/21 2849/27/21
f 2854/31/42 2855/30/42 2865/30/42 2864/31/42
f 2853/32/43 2854/31/43 2864/31/43 2863/32/43
f 2852/25/42 2853/32/42 2863/32/42 2862/25/42
f 2849/17/43 2850/18/43 2860/18/43 2859/17/43
f 2851/24/42 2852/25/42 2862/25/42 2861/24/42
f 2850/18/42 2851/24/42 2861/24/42 2860/18/42
f 2858/26/42 2849/27/42 2859/27/42 2868/26/42
f 2857/28/42 2858/26/42 2868/26/42 2867/28/42
f 2856/29/42 2857/28/42 2867/28/42 2866/29/42
f 2855/30/42 2856/29/42 2866/29/42 2865/30/42
f 2865/30/20 2866/29/20 2876/29/20 2875/30/20
f 2862/25/17 2863/32/17 2873/32/17 2872/25/17
f 2859/17/14 2860/18/14 2870/18/14 2869/17/14
f 2866/29/22 2867/28/22 2877/28/22 2876/29/22
f 2863/32/185 2864/31/185 2874/31/185 2873/32/185
f 2860/18/15 2861/24/15 2871/24/15 2870/18/15
f 2867/28/9 2868/26/9 2878/26/9 2877/28/9
f 2864/31/19 2865/30/19 2875/30/19 2874/31/19
f 2861/24/16 2862/25/16 2872/25/16 2871/24/16
f 2868/26/172 2859/27/172 2869/27/172 2878/26/172
f 2872/25/567 2873/32/567 2883/32/567 2882/25/567
f 2869/17/591 2870/18/591 2880/18/591 2879/17/591
f 2876/29/569 2877/28/569 2887/28/569 2886/29/569
f 2873/32/570 2874/31/570 2884/31/570 2883/32/570
f 2870/18/571 2871/24/571 2881/24/571 2880/18/571
f 2877/28/587 2878/26/587 2888/26/587 2887/28/587
f 2874/31/573 2875/30/573 2885/30/573 2884/31/573
f 2871/24/574 2872/25/574 2882/25/574 2881/24/574
f 2878/26/592 2869/27/592 2879/27/592 2888/26/592
f 2875/30/576 2876/29/576 2886/29/576 2885/30/576
f 2898/279/14 2897/280/14 2907/280/14 2908/279/14
f 2899/281/42 2900/282/42 2908/279/42 2907/280/42 2905/283/42 2906/284/42 2903/285/42 2904/286/42 2901/287/42 2902/288/42
f 2897/280/146 2896/283/146 2905/283/146 2907/280/146
f 2894/285/600 2893/286/600 2904/286/600 2903/285/600
f 2893/286/19 2892/287/19 2901/287/19 2904/286/19
f 2889/282/21 2898/279/21 2908/279/21 2900/282/21
f 2896/283/16 2895/284/16 2906/284/16 2905/283/16
f 2890/281/9 2889/282/9 2900/282/9 2899/281/9
f 2891/288/22 2890/281/22 2899/281/22 2902/288/22
f 2895/284/17 2894/285/17 2903/285/17 2906/284/17
f 2892/287/135 2891/288/135 2902/288/135 2901/287/135
f 2910/289/124 2911/26/124 2912/290/124 2909/291/124
f 2914/30/475 2915/275/475 2916/292/475 2913/293/475
f 2918/294/175 2919/31/175 2920/295/175 2917/296/175
f 2922/24/475 2923/25/475 2924/297/475 2921/298/475
f 2923/25/475 2918/294/475 2917/296/475 2924/297/475
f 2926/299/481 2922/24/481 2921/298/481 2925/300/481
f 2911/26/124 2927/27/124 2928/301/124 2912/290/124
f 2915/275/481 2910/289/481 2909/291/481 2916/292/481
f 2927/17/124 2926/299/124 2925/300/124 2928/302/124
f 2919/31/124 2914/30/124 2913/293/124 2920/295/124
f 2889/282/577 2890/281/577 2909/291/577 2912/290/577
f 2890/281/578 2891/288/578 2916/292/578 2909/291/578
f 2898/279/579 2889/282/579 2912/290/579 2928/302/579
f 2891/288/597 2892/287/597 2913/293/597 2916/292/597
f 2892/287/581 2893/286/581 2920/295/581 2913/293/581
f 2893/286/594 2894/285/594 2917/296/594 2920/295/594
f 2894/285/583 2895/284/583 2924/297/583 2917/296/583
f 2895/284/584 2896/283/584 2921/298/584 2924/297/584
f 2896/283/585 2897/280/585 2925/300/585 2921/298/585
f 2897/280/586 2898/279/586 2928/302/586 2925/300/586
f 2879/17/14 2880/18/14 2938/299/14 2932/17/14
f 2880/18/146 2881/24/146 2937/24/146 2938/299/146
f 2881/24/16 2882/25/16 2936/25/16 2937/24/16
f 2882/25/161 2883/32/161 2935/32/161 2936/25/161
f 2883/32/185 2884/31/185 2934/304/185 2935/32/185
f 2884/31/19 2885/30/19 2933/303/19 2934/304/19
f 2885/30/135 2886/29/135 2929/275/135 2933/303/135
f 2888/26/172 2879/27/172 2932/27/172 2931/26/172
f 2887/28/9 2888/26/9 2931/26/9 2930/28/9
f 2886/29/22 2887/28/22 2930/28/22 2929/275/22
f 2949/17/14 2939/10/14 2940/11/14 2950/18/14
f 2950/18/146 2940/11/146 2941/14/146 2951/24/146
f 2951/24/16 2941/14/16 2942/3/16 2952/25/16
f 2952/25/17 2942/3/17 2943/4/17 2953/32/17
f 2953/32/185 2943/4/185 2944/7/185 2954/31/185
f 2954/31/19 2944/7/19 2945/8/19 2955/30/19
f 2955/30/20 2945/8/20 2946/13/20 2956/29/20
f 2956/29/22 2946/13/22 2947/1/22 2957/28/22
f 2957/28/9 2947/1/9 2948/2/9 2958/26/9
f 2958/26/21 2948/2/21 2939/19/21 2949/27/21
f 2954/31/42 2955/30/42 2965/30/42 2964/31/42
f 2953/32/42 2954/31/42 2964/31/42 2963/32/42
f 2952/25/42 2953/32/42 2963/32/42 2962/25/42
f 2949/17/42 2950/18/42 2960/18/42 2959/17/42
f 2951/24/42 2952/25/42 2962/25/42 2961/24/42
f 2950/18/162 2951/24/162 2961/24/162 2960/18/162
f 2958/26/43 2949/27/43 2959/27/43 2968/26/43
f 2957/28/42 2958/26/42 2968/26/42 2967/28/42
f 2956/29/42 2957/28/42 2967/28/42 2966/29/42
f 2955/30/163 2956/29/163 2966/29/163 2965/30/163
f 2965/30/135 2966/29/135 2976/29/135 2975/30/135
f 2962/25/17 2963/32/17 2973/32/17 2972/25/17
f 2959/17/14 2960/18/14 2970/18/14 2969/17/14
f 2966/29/22 2967/28/22 2977/28/22 2976/29/22
f 2963/32/185 2964/31/185 2974/31/185 2973/32/185
f 2960/18/146 2961/24/146 2971/24/146 2970/18/146
f 2967/28/9 2968/26/9 2978/26/9 2977/28/9
f 2964/31/19 2965/30/19 2975/30/19 2974/31/19
f 2961/24/16 2962/25/16 2972/25/16 2971/24/16
f 2968/26/172 2959/27/172 2969/27/172 2978/26/172
f 2972/25/567 2973/32/567 2983/32/567 2982/25/567
f 2969/17/568 2970/18/568 2980/18/568 2979/17/568
f 2976/29/569 2977/28/569 2987/28/569 2986/29/569
f 2973/32/570 2974/31/570 2984/31/570 2983/32/570
f 2970/18/571 2971/24/571 2981/24/571 2980/18/571
f 2977/28/572 2978/26/572 2988/26/572 2987/28/572
f 2974/31/573 2975/30/573 2985/30/573 2984/31/573
f 2971/24/574 2972/25/574 2982/25/574 2981/24/574
f 2978/26/575 2969/27/575 2979/27/575 2988/26/575
f 2975/30/576 2976/29/576 2986/29/576 2985/30/576
f 2998/279/14 2997/280/14 3007/280/14 3008/279/14
f 2999/281/42 3000/282/42 3008/279/42 3007/280/42 3005/283/42 3006/284/42 3003/285/42 3004/286/42 3001/287/42 3002/288/42
f 2997/280/146 2996/283/146 3005/283/146 3007/280/146
f 2994/285/18 2993/286/18 3004/286/18 3003/285/18
f 2993/286/19 2992/287/19 3001/287/19 3004/286/19
f 2989/282/21 2998/279/21 3008/279/21 3000/282/21
f 2996/283/16 2995/284/16 3006/284/16 3005/283/16
f 2990/281/9 2989/282/9 3000/282/9 2999/281/9
f 2991/288/22 2990/281/22 2999/281/22 3002/288/22
f 2995/284/161 2994/285/161 3003/285/161 3006/284/161
f 2992/287/135 2991/288/135 3002/288/135 3001/287/135
f 3010/289/124 3011/26/124 3012/290/124 3009/291/124
f 3014/30/481 3015/275/481 3016/292/481 3013/293/481
f 3018/294/124 3019/31/124 3020/295/124 3017/296/124
f 3022/24/124 3023/25/124 3024/297/124 3021/298/124
f 3023/25/124 3018/294/124 3017/296/124 3024/297/124
f 3026/299/124 3022/24/124 3021/298/124 3025/300/124
f 3011/26/124 3027/27/124 3028/301/124 3012/290/124
f 3015/275/124 3010/289/124 3009/291/124 3016/292/124
f 3027/17/124 3026/299/124 3025/300/124 3028/302/124
f 3019/31/186 3014/30/186 3013/293/186 3020/295/186
f 2989/282/577 2990/281/577 3009/291/577 3012/290/577
f 2990/281/578 2991/288/578 3016/292/578 3009/291/578
f 2998/279/579 2989/282/579 3012/290/579 3028/302/579
f 2991/288/580 2992/287/580 3013/293/580 3016/292/580
f 2992/287/589 2993/286/589 3020/295/589 3013/293/589
f 2993/286/582 2994/285/582 3017/296/582 3020/295/582
f 2994/285/583 2995/284/583 3024/297/583 3017/296/583
f 2995/284/584 2996/283/584 3021/298/584 3024/297/584
f 2996/283/590 2997/280/590 3025/300/590 3021/298/590
f 2997/280/586 2998/279/586 3028/302/586 3025/300/586
f 2979/17/14 2980/18/14 3038/299/14 3032/17/14
f 2980/18/146 2981/24/146 3037/24/146 3038/299/146
f 2981/24/16 2982/25/16 3036/25/16 3037/24/16
f 2982/25/161 2983/32/161 3035/32/161 3036/25/161
f 2983/32/185 2984/31/185 3034/304/185 3035/32/185
f 2984/31/19 2985/30/19 3033/303/19 3034/304/19
f 2985/30/135 2986/29/135 3029/275/135 3033/303/135
f 2988/26/172 2979/27/172 3032/27/172 3031/26/172
f 2987/28/160 2988/26/160 3031/26/160 3030/28/160
f 2986/29/22 2987/28/22 3030/28/22 3029/275/22
f 3039/57/146 888/57/146 887/57/146 3040/57/146
f 3040/57/15 887/57/15 191/57/15 3041/57/15
f 3041/57/16 191/57/16 192/57/16 3042/57/16
f 3042/57/17 192/57/17 896/57/17 3043/57/17
f 3043/57/161 896/57/161 895/57/161 3044/57/161
f 3044/57/161 895/57/161 193/57/161 3045/57/161
f 3045/57/18 193/57/18 194/57/18 3046/57/18
f 3046/57/19 194/57/19 326/57/19 3047/57/19
f 3047/57/19 326/57/19 327/57/19 3048/57/19
f 3048/57/19 327/57/19 195/57/19 3049/57/19
f 3049/57/135 195/57/135 196/57/135 3050/57/135
f 3050/57/22 196/57/22 872/57/22 3051/57/22
f 3051/57/22 872/57/22 871/57/22 3052/57/22
f 3052/57/22 871/57/22 200/57/22 3053/57/22
f 3053/57/160 200/57/160 199/57/160 3054/57/160
f 3054/57/21 199/57/21 880/57/21 3055/57/21
f 3055/57/21 880/57/21 879/57/21 3056/57/21
f 3056/57/21 879/57/21 198/57/21 3057/57/21
f 3057/57/14 198/57/14 197/57/14 3058/57/14
f 3058/57/146 197/57/146 888/57/146 3039/57/146
f 212/57/15 3058/57/15 3039/57/15 892/57/15
f 219/57/14 3057/57/14 3058/57/14 212/57/14
f 883/57/21 3056/57/21 3057/57/21 219/57/21
f 884/57/21 3055/57/21 3056/57/21 883/57/21
f 220/57/21 3054/57/21 3055/57/21 884/57/21
f 218/57/9 3053/57/9 3054/57/9 220/57/9
f 875/57/22 3052/57/22 3053/57/22 218/57/22
f 876/57/22 3051/57/22 3052/57/22 875/57/22
f 217/57/22 3050/57/22 3051/57/22 876/57/22
f 216/57/20 3049/57/20 3050/57/20 217/57/20
f 320/57/19 3048/57/19 3049/57/19 216/57/19
f 319/57/19 3047/57/19 3048/57/19 320/57/19
f 215/57/19 3046/57/19 3047/57/19 319/57/19
f 214/57/18 3045/57/18 3046/57/18 215/57/18
f 899/57/17 3044/57/17 3045/57/17 214/57/17
f 900/57/17 3043/57/17 3044/57/17 899/57/17
f 213/57/17 3042/57/17 3043/57/17 900/57/17
f 211/57/16 3041/57/16 3042/57/16 213/57/16
f 891/57/15 3040/57/15 3041/57/15 211/57/15
f 892/57/15 3039/57/15 3040/57/15 891/57/15
f 3061/57/42 3188/57/42 3187/57/42 3064/57/42
f 3067/57/42 3186/57/42 3185/57/42 3060/57/42
f 3059/57/42 3182/57/42 3181/57/42 3062/57/42
f 3062/57/42 3181/57/42 3180/57/42 3065/57/42
f 3068/57/42 3179/57/42 3188/57/42 3061/57/42
f 3060/57/42 3185/57/42 3184/57/42 3063/57/42
f 3084/305/601 3088/122/601 3105/122/601 3101/305/601
f 739/117/602 738/119/602 3098/119/602 3097/117/602
f 3087/121/603 3086/120/603 3100/120/603 3099/121/603
f 3082/116/604 3081/127/604 3106/127/604 3102/116/604
f 732/126/605 731/127/605 3089/127/605 3093/126/605
f 3085/142/606 3084/305/606 3101/305/606 3108/142/606
f 737/120/607 736/121/607 3096/121/607 3095/120/607
f 3083/117/608 3082/116/608 3102/116/608 3107/117/608
f 735/122/609 734/124/609 3091/124/609 3094/122/609
f 3081/127/610 3080/126/610 3103/126/610 3106/127/610
f 3088/122/611 3087/121/611 3099/121/611 3105/122/611
f 736/121/612 735/122/612 3094/122/612 3096/121/612
f 731/127/613 740/116/613 3090/116/613 3089/127/613
f 3079/162/614 3083/117/614 3107/117/614 3104/162/614
f 740/116/615 739/117/615 3097/117/615 3090/116/615
f 3086/120/616 3079/162/616 3104/162/616 3100/120/616
f 734/124/617 733/125/617 3092/125/617 3091/124/617
f 738/119/618 737/120/618 3095/120/618 3098/119/618
f 3080/126/619 3085/142/619 3108/142/619 3103/126/619
f 733/125/620 732/126/620 3093/126/620 3092/125/620
f 3081/127/18 3082/116/18 3124/131/18 3115/133/18
f 3113/306/621 3126/165/621 3146/165/621 3133/306/621
f 3088/122/14 3084/305/14 3122/124/14 3109/122/14
f 3116/133/622 3119/126/622 3139/126/622 3136/133/622
f 3083/117/20 3079/162/20 3126/165/20 3113/306/20
f 3128/121/623 3109/122/623 3129/122/623 3148/121/623
f 3079/162/22 3086/120/22 3118/163/22 3126/165/22
f 3121/124/624 3110/122/624 3130/122/624 3141/124/624
f 3085/142/16 3080/126/16 3120/126/16 3111/125/16
f 3120/126/625 3115/133/625 3135/133/625 3140/126/625
f 3080/126/17 3081/127/17 3115/133/17 3120/126/17
f 3127/121/626 3117/163/626 3137/163/626 3147/121/626
f 3082/116/19 3083/117/19 3113/306/19 3124/131/19
f 3109/122/627 3122/124/627 3142/124/627 3129/122/627
f 3084/305/15 3085/142/15 3111/125/15 3122/124/15
f 3119/126/628 3112/125/628 3132/125/628 3139/126/628
f 3086/120/9 3087/121/9 3128/121/9 3118/163/9
f 3118/163/629 3128/121/629 3148/121/629 3138/163/629
f 3087/121/21 3088/122/21 3109/122/21 3128/121/21
f 3123/131/630 3116/133/630 3136/133/630 3143/131/630
f 3110/122/631 3127/121/631 3147/121/631 3130/122/631
f 3124/131/632 3113/306/632 3133/306/632 3144/131/632
f 3125/165/633 3114/164/633 3134/164/633 3145/165/633
f 3114/164/634 3123/131/634 3143/131/634 3134/164/634
f 3126/165/635 3118/163/635 3138/163/635 3146/165/635
f 3122/124/636 3111/125/636 3131/125/636 3142/124/636
f 3117/163/637 3125/165/637 3145/165/637 3137/163/637
f 3115/133/638 3124/131/638 3144/131/638 3135/133/638
f 3112/125/639 3121/124/639 3141/124/639 3132/125/639
f 3111/125/640 3120/126/640 3140/126/640 3131/125/640
f 3163/57/42 3173/57/42 3174/57/42 3164/57/42
f 3161/57/42 3171/57/42 3172/57/42 3162/57/42
f 3167/57/42 3177/57/42 3178/57/42 3168/57/42
f 3159/57/42 3169/57/42 3170/57/42 3160/57/42
f 3165/57/164 3175/57/164 3176/57/164 3166/57/164
f 846/57/641 3174/57/641 3173/57/641 845/57/641
f 831/57/642 3159/57/642 3160/57/642 832/57/642
f 850/57/643 840/57/643 3168/57/643 3178/57/643
f 848/57/644 3176/57/644 3175/57/644 847/57/644
f 834/57/645 833/57/645 3161/57/645 3162/57/645
f 841/57/646 3169/57/646 3159/57/646 831/57/646
f 849/57/647 850/57/647 3178/57/647 3177/57/647
f 835/57/648 3163/57/648 3164/57/648 836/57/648
f 832/57/649 3160/57/649 3170/57/649 842/57/649
f 845/57/650 3173/57/650 3163/57/650 835/57/650
f 837/57/651 3165/57/651 3166/57/651 838/57/651
f 847/57/652 3175/57/652 3165/57/652 837/57/652
f 836/57/653 3164/57/653 3174/57/653 846/57/653
f 840/57/654 839/57/654 3167/57/654 3168/57/654
f 838/57/655 3166/57/655 3176/57/655 848/57/655
f 833/57/656 843/57/656 3171/57/656 3161/57/656
f 842/57/657 3170/57/657 3169/57/657 841/57/657
f 844/57/658 834/57/658 3162/57/658 3172/57/658
f 843/57/659 844/57/659 3172/57/659 3171/57/659
f 839/57/660 849/57/660 3177/57/660 3167/57/660
f 3064/57/42 3187/57/42 3186/57/42 3067/57/42
f 3066/57/42 3183/57/42 3182/57/42 3059/57/42
f 3065/57/42 3180/57/42 3179/57/42 3068/57/42
f 3063/57/42 3184/57/42 3183/57/42 3066/57/42
f 697/120/270 699/121/270 3194/121/270 3207/163/270
f 3193/139/661 3208/163/661 3228/163/661 3213/139/661
f 703/124/269 705/125/269 3192/307/269 3205/308/269
f 3199/309/662 3205/308/662 3225/308/662 3219/309/662
f 709/127/268 691/116/268 3190/167/268 3203/133/268
f 3200/122/663 3193/139/663 3213/139/663 3220/122/663
f 695/119/267 697/120/267 3207/163/267 3201/209/267
f 3207/163/664 3194/121/664 3214/121/664 3227/163/664
f 701/122/266 703/124/266 3205/308/266 3199/309/266
f 3208/163/665 3202/169/665 3222/169/665 3228/163/665
f 707/126/265 709/127/265 3203/133/265 3197/161/265
f 3194/121/666 3199/309/666 3219/309/666 3214/121/666
f 693/117/264 695/119/264 3201/209/264 3195/306/264
f 3201/209/667 3207/163/667 3227/163/667 3221/209/667
f 699/121/263 701/122/263 3199/309/263 3194/121/263
f 3202/169/668 3196/168/668 3216/168/668 3222/169/668
f 705/125/262 707/126/262 3197/161/262 3192/307/262
f 3189/167/669 3204/133/669 3224/133/669 3209/167/669
f 691/116/261 693/117/261 3195/306/261 3190/167/261
f 3195/306/670 3201/209/670 3221/209/670 3215/306/670
f 3192/307/673 3197/161/673 3217/161/673 3212/307/673
f 3206/132/674 3200/122/674 3220/122/674 3226/132/674
f 3205/308/675 3192/307/675 3212/307/675 3225/308/675
f 3198/161/676 3191/130/676 3211/130/676 3218/161/676
f 3197/161/677 3203/133/677 3223/133/677 3217/161/677
f 3191/130/678 3206/132/678 3226/132/678 3211/130/678
f 3190/167/679 3195/306/679 3215/306/679 3210/167/679
f 3204/133/680 3198/161/680 3218/161/680 3224/133/680
f 3203/133/681 3190/167/681 3210/167/681 3223/133/681
f 3196/168/682 3189/167/682 3209/167/682 3216/168/682
f 3251/57/42 3234/57/42 3233/57/42 3252/57/42
f 3231/57/42 3250/57/42 3249/57/42 3232/57/42
f 3261/57/42 3238/57/42 3237/57/42 3262/57/42
f 3253/57/42 3242/57/42 3241/57/42 3254/57/42
f 3243/57/42 3260/57/42 3259/57/42 3244/57/42
f 3245/57/42 3256/57/42 3255/57/42 3246/57/42
f 3247/57/42 3258/57/42 3257/57/42 3248/57/42
f 3239/57/42 3268/57/42 3267/57/42 3240/57/42
f 3235/57/42 3264/57/42 3263/57/42 3236/57/42
f 3229/57/42 3266/57/42 3265/57/42 3230/57/42
f 3273/310/124 3274/311/124 3270/8/124 3269/7/124
f 3275/312/18 3276/313/18 3272/256/18 3271/259/18
f 3276/313/18 3273/310/18 3269/7/18 3272/256/18
f 3274/311/18 3275/312/18 3271/259/18 3270/8/18
f 1258/257/124 1256/314/124 3288/314/124 3287/257/124
f 3274/311/683 3273/310/683 3281/310/683 3282/311/683
f 173/258/295 1258/257/295 3287/257/295 3286/258/295
f 3273/310/295 3276/313/295 3284/313/295 3281/310/295
f 1256/314/124 1258/257/124 3279/257/124 3280/314/124
f 174/315/298 1256/314/298 3280/314/298 3277/315/298
f 173/258/42 174/315/42 3277/315/42 3278/258/42
f 3285/315/600 3286/258/600 3282/311/600 3281/310/600
f 3287/257/18 3288/314/18 3284/313/18 3283/312/18
f 3288/314/18 3285/315/18 3281/310/18 3284/313/18
f 3286/258/18 3287/257/18 3283/312/18 3282/311/18
f 3275/312/298 3274/311/298 3282/311/298 3283/312/298
f 3276/313/42 3275/312/42 3283/312/42 3284/313/42
f 1256/314/298 174/315/298 3285/315/298 3288/314/298
f 174/315/42 173/258/42 3286/258/42 3285/315/42
f 3318/155/16 3310/153/16 3302/153/16 3308/155/16
f 3316/148/135 3313/152/135 3307/152/135 3303/148/135
f 3317/154/9 3311/149/9 3304/149/9 3305/213/9
f 3314/160/17 3318/155/17 3308/155/17 3299/160/17
f 3315/316/14 3312/150/14 3306/150/14 3301/159/14
f 3313/152/19 3309/158/19 3300/158/19 3307/152/19
f 3312/150/21 3317/154/21 3305/213/21 3306/150/21
f 3311/149/22 3316/148/22 3303/148/22 3304/149/22
f 3310/153/146 3315/316/146 3301/159/146 3302/153/146
f 3309/158/18 3314/160/18 3299/160/18 3300/158/18
f 3319/158/18 3324/160/18 3314/160/18 3309/158/18
f 3320/317/146 3325/159/146 3315/316/146 3310/153/146
f 3321/149/22 3326/148/22 3316/148/22 3311/149/22
f 3323/152/19 3319/158/19 3309/158/19 3313/152/19
f 3325/159/14 3322/318/14 3312/150/14 3315/316/14
f 3324/160/17 3328/319/17 3318/155/17 3314/160/17
f 3327/320/9 3321/149/9 3311/149/9 3317/154/9
f 3326/148/135 3323/152/135 3313/152/135 3316/148/135
f 3328/319/16 3320/317/16 3310/153/16 3318/155/16
f 1104/155/16 1100/153/16 3320/317/16 3328/319/16
f 1096/148/20 1099/152/20 3323/152/20 3326/148/20
f 1102/154/9 1095/149/9 3321/149/9 3327/320/9
f 1103/147/17 1104/155/17 3328/319/17 3324/160/17
f 1097/151/14 1098/150/14 3322/318/14 3325/159/14
f 1099/152/19 1101/146/19 3319/158/19 3323/152/19
f 1098/150/21 1102/154/21 3327/320/21 3322/318/21
f 1095/149/22 1096/148/22 3326/148/22 3321/149/22
f 1100/153/146 1097/151/146 3325/159/146 3320/317/146
f 1101/146/18 1103/147/18 3324/160/18 3319/158/18
f 3317/154/684 3312/150/684 3330/321/684 3329/154/684
f 3334/321/42 3331/267/42 3455/320/42 3456/318/42
f 3329/154/124 3330/321/124 3333/322/124 3332/323/124
f 3356/324/685 3363/321/685 3370/321/685 3344/324/685
f 3332/323/124 3333/322/124 3337/150/124 3336/154/124
f 3333/322/298 3334/321/298 3456/318/298 3337/150/298
f 3331/267/295 3332/323/295 3336/154/295 3455/320/295
f 3458/318/21 3457/320/21 3340/154/21 3341/150/21
f 3347/150/21 3348/154/21 3371/154/21 3375/150/21
f 3366/318/298 3357/325/298 3474/325/298 3477/318/298
f 3363/321/686 3364/150/686 3369/150/686 3370/321/686
f 3370/321/687 3369/150/687 3377/150/687 3378/321/687
f 3362/213/688 3353/213/688 3345/213/688 3367/213/688
f 3354/326/689 3336/154/689 3350/154/689 3346/326/689
f 3361/326/690 3362/213/690 3367/213/690 3368/326/690
f 3336/154/691 3337/150/691 3349/150/691 3350/154/691
f 3364/150/692 3341/150/692 3347/150/692 3369/150/692
f 3353/213/693 3354/326/693 3346/326/693 3345/213/693
f 3346/326/600 3350/154/600 3382/154/600 3381/326/600
f 3460/327/694 3354/326/694 3353/213/694 3459/328/694
f 3355/325/695 3461/318/695 3462/325/695 3356/324/695
f 3464/329/696 3362/213/696 3361/326/696 3463/328/696
f 3363/321/697 3465/150/697 3466/318/697 3364/150/697
f 3455/320/185 3336/154/185 3354/326/185 3460/327/185
f 3459/328/295 3353/213/295 3362/213/295 3464/329/295
f 3357/325/695 3358/325/695 3473/325/695 3474/325/695
f 3337/150/689 3355/325/689 3343/325/689 3349/150/689
f 3337/150/185 3456/318/185 3461/318/185 3355/325/185
f 3356/324/698 3462/325/698 3465/150/698 3363/321/698
f 3341/150/699 3340/154/699 3348/154/699 3347/150/699
f 3335/320/18 3351/328/18 3472/328/18 3470/320/18
f 3340/154/172 3457/320/172 3463/328/172 3361/326/172
f 3458/318/172 3341/150/172 3364/150/172 3466/318/172
f 3355/325/700 3356/324/700 3344/324/700 3343/325/700
f 3340/154/692 3361/326/692 3368/326/692 3348/154/692
f 3382/154/124 3376/150/124 3388/150/124 3394/154/124
f 3377/150/124 3375/150/124 3387/150/124 3389/150/124
f 3375/150/124 3371/154/124 3383/154/124 3387/150/124
f 3348/154/207 3368/326/207 3372/326/207 3371/154/207
f 3369/150/207 3347/150/207 3375/150/207 3377/150/207
f 3350/154/701 3349/150/701 3376/150/701 3382/154/701
f 3367/213/702 3345/213/702 3379/213/702 3380/213/702
f 3368/326/696 3367/213/696 3380/213/696 3372/326/696
f 3343/325/695 3344/324/695 3373/324/695 3374/325/695
f 3345/213/703 3346/326/703 3381/326/703 3379/213/703
f 3344/324/698 3370/321/698 3378/321/698 3373/324/698
f 3349/150/600 3343/325/600 3374/325/600 3376/150/600
f 3378/321/124 3377/150/124 3389/150/124 3390/321/124
f 3372/326/186 3380/213/186 3392/213/186 3384/326/186
f 3371/154/124 3372/326/124 3384/326/124 3383/154/124
f 3379/213/124 3381/326/124 3393/326/124 3391/213/124
f 3380/213/124 3379/213/124 3391/213/124 3392/213/124
f 3376/150/186 3374/325/186 3386/325/186 3388/150/186
f 3374/325/124 3373/324/124 3385/324/124 3386/325/124
f 3381/326/124 3382/154/124 3394/154/124 3393/326/124
f 3373/324/124 3378/321/124 3390/321/124 3385/324/124
f 3414/321/480 3413/150/480 3435/150/480 3436/321/480
f 3418/154/477 3412/150/477 3424/150/477 3441/154/477
f 3413/150/478 3411/150/478 3439/150/478 3435/150/478
f 3420/330/704 3428/267/704 3453/267/704 3447/330/704
f 3426/331/705 3425/318/705 3450/318/705 3451/331/705
f 3425/318/706 3423/150/706 3443/150/706 3450/318/706
f 3408/326/479 3416/213/479 3438/213/479 3432/326/479
f 3407/154/479 3408/326/479 3432/326/479 3431/154/479
f 3415/213/477 3417/326/477 3440/326/477 3437/213/477
f 3416/213/175 3415/213/175 3437/213/175 3438/213/175
f 3412/150/476 3410/325/476 3434/325/476 3424/150/476
f 3410/325/124 3409/324/124 3433/324/124 3434/325/124
f 3417/326/476 3418/154/476 3441/154/476 3440/326/476
f 3409/324/481 3414/321/481 3436/321/481 3433/324/481
f 3411/150/478 3407/154/478 3431/154/478 3439/150/478
f 3420/330/707 3419/213/707 3431/154/707 3432/326/707
f 3421/332/708 3422/333/708 3434/325/708 3433/324/708
f 3425/318/709 3426/331/709 3436/321/709 3435/150/709
f 3427/154/710 3428/267/710 3438/213/710 3437/213/710
f 3426/331/711 3421/332/711 3433/324/711 3436/321/711
f 3423/150/707 3425/318/707 3435/150/707 3439/150/707
f 3429/334/712 3427/154/712 3437/213/712 3440/326/712
f 3430/154/713 3429/334/713 3440/326/713 3441/154/713
f 3419/213/714 3423/150/714 3439/150/714 3431/154/714
f 3428/267/715 3420/330/715 3432/326/715 3438/213/715
f 3422/333/716 3442/150/716 3424/150/716 3434/325/716
f 3442/150/717 3430/154/717 3441/154/717 3424/150/717
f 3443/150/221 3444/150/221 3449/333/221 3448/332/221 3451/331/221 3450/318/221
f 3445/154/718 3444/150/718 3443/150/718 3446/213/718
f 3445/154/124 3446/213/124 3447/330/124 3453/267/124 3452/154/124 3454/334/124
f 3427/154/719 3429/334/719 3454/334/719 3452/154/719
f 3428/267/720 3427/154/720 3452/154/720 3453/267/720
f 3442/150/721 3422/333/721 3449/333/721 3444/150/721
f 3419/213/722 3420/330/722 3447/330/722 3446/213/722
f 3429/334/723 3430/154/723 3445/154/723 3454/334/723
f 3421/332/724 3426/331/724 3451/331/724 3448/332/724
f 3430/154/725 3442/150/725 3444/150/725 3445/154/725
f 3422/333/726 3421/332/726 3448/332/726 3449/333/726
f 3423/150/727 3419/213/727 3446/213/727 3443/150/727
f 3335/320/164 3338/325/164 3456/318/164 3455/320/164
f 3342/150/164 3339/320/164 3457/320/164 3458/318/164
f 3352/335/42 3351/328/42 3460/327/42 3459/328/42
f 3358/325/42 3357/325/42 3462/325/42 3461/318/42
f 3360/154/42 3359/336/42 3464/329/42 3463/328/42
f 3366/318/42 3365/337/42 3466/318/42 3465/150/42
f 3351/328/43 3335/320/43 3455/320/43 3460/327/43
f 3359/336/42 3352/335/42 3459/328/42 3464/329/42
f 3339/320/42 3360/154/42 3463/328/42 3457/320/42
f 3338/325/43 3358/325/43 3461/318/43 3456/318/43
f 3357/325/42 3366/318/42 3465/150/42 3462/325/42
f 3365/337/42 3342/150/42 3458/318/42 3466/318/42
f 3469/320/728 3468/150/728 3480/150/728 3481/320/728
f 3468/150/729 3478/337/729 3490/337/729 3480/150/729
f 3476/336/730 3475/154/730 3487/154/730 3488/336/730
f 3338/325/18 3335/320/18 3470/320/18 3467/325/18
f 3352/335/295 3359/336/295 3476/336/295 3471/335/295
f 3359/336/696 3360/154/696 3475/154/696 3476/336/696
f 3342/150/21 3365/337/21 3478/337/21 3468/150/21
f 3339/320/21 3342/150/21 3468/150/21 3469/320/21
f 3360/154/21 3339/320/21 3469/320/21 3475/154/21
f 3365/337/697 3366/318/697 3477/318/697 3478/337/697
f 3351/328/694 3352/335/694 3471/335/694 3472/328/694
f 3358/325/18 3338/325/18 3467/325/18 3473/325/18
f 3480/150/21 3490/337/21 3502/337/21 3492/150/21
f 3488/336/696 3487/154/696 3499/154/696 3500/336/696
f 3483/335/295 3488/336/295 3500/336/295 3495/335/295
f 3475/154/729 3469/320/729 3481/320/729 3487/154/729
f 3478/337/731 3477/318/731 3489/318/731 3490/337/731
f 3472/328/732 3471/335/732 3483/335/732 3484/328/732
f 3473/325/733 3467/325/733 3479/325/733 3485/325/733
f 3470/320/734 3472/328/734 3484/328/734 3482/320/734
f 3474/325/735 3473/325/735 3485/325/735 3486/325/735
f 3477/318/736 3474/325/736 3486/325/736 3489/318/736
f 3467/325/734 3470/320/734 3482/320/734 3479/325/734
f 3471/335/737 3476/336/737 3488/336/737 3483/335/737
f 3481/320/21 3480/150/21 3492/150/21 3493/320/21
f 3487/154/21 3481/320/21 3493/320/21 3499/154/21
f 3490/337/697 3489/318/697 3501/318/697 3502/337/697
f 3484/328/694 3483/335/694 3495/335/694 3496/328/694
f 3485/325/18 3479/325/18 3491/325/18 3497/325/18
f 3482/320/18 3484/328/18 3496/328/18 3494/320/18
f 3486/325/695 3485/325/695 3497/325/695 3498/325/695
f 3489/318/298 3486/325/298 3498/325/298 3501/318/298
f 3479/325/18 3482/320/18 3494/320/18 3491/325/18
f 3507/339/295 3512/338/295 3524/336/295 3519/335/295
f 3503/340/185 3506/320/185 3518/320/185 3515/325/185
f 3513/318/298 3510/318/298 3522/325/298 3525/318/298
f 3515/325/42 3518/320/42 3517/320/42 3516/150/42
f 3517/320/42 3518/320/42 3520/328/42 3519/335/42 3524/336/42 3523/154/42
f 3515/325/42 3516/150/42 3526/337/42 3525/318/42 3522/325/42 3521/325/42
f 3512/338/696 3511/154/696 3523/154/696 3524/336/696
f 3504/150/21 3514/337/21 3526/337/21 3516/150/21
f 3505/320/172 3504/150/172 3516/150/172 3517/320/172
f 3511/154/21 3505/320/21 3517/320/21 3523/154/21
f 3514/337/697 3513/318/697 3525/318/697 3526/337/697
f 3508/327/694 3507/339/694 3519/335/694 3520/328/694
f 3509/318/18 3503/340/18 3515/325/18 3521/325/18
f 3506/320/18 3508/327/18 3520/328/18 3518/320/18
f 3510/318/695 3509/318/695 3521/325/695 3522/325/695
f 3527/154/738 3530/154/738 3529/154/738
f 3530/154/295 3531/320/295 3529/154/295
f 3531/320/295 3532/341/295 3529/154/295
f 3532/341/295 3528/320/295 3529/154/295
f 3533/150/298 3536/342/298 3535/150/298
f 3536/342/298 3537/340/298 3535/150/298
f 3537/340/298 3538/325/298 3535/150/298
f 3538/325/739 3534/324/739 3535/150/739
f 3527/154/740 3534/324/740 3538/325/740 3530/154/740
f 3530/154/741 3538/325/741 3537/324/741 3531/343/741
f 3531/343/742 3537/324/742 3536/342/742 3532/341/742
f 3532/341/743 3536/342/743 3533/150/743 3528/320/743
f 3527/154/295 3529/154/295 3329/154/295 3332/323/295 3331/267/295
f 3322/318/744 3327/320/744 3528/320/744 3533/150/744
f 3327/320/702 3317/154/702 3329/154/702 3529/154/702 3528/320/702
f 3534/324/42 3527/154/42 3331/267/42 3334/321/42
f 3312/150/298 3322/318/298 3533/150/298 3535/150/298 3330/321/298
f 3330/321/298 3535/150/298 3534/324/298 3334/321/298 3333/322/298
f 3540/267/745 3541/344/745 3542/345/745 3539/213/745
f 3544/318/746 3545/150/746 3546/325/746 3543/150/746
f 3552/331/747 3553/318/747 3554/325/747 3551/321/747
f 3556/213/748 3557/213/748 3558/213/748 3555/154/748
f 3553/318/749 3544/318/749 3543/150/749 3554/325/749
f 3551/321/750 3547/346/750 3548/150/750 3552/331/750
f 3560/326/751 3556/213/751 3555/154/751 3559/330/751
f 3562/320/752 3560/326/752 3559/330/752 3561/267/752
f 3539/213/753 3548/150/753 3547/346/753 3540/267/753
f 3557/213/754 3542/345/754 3541/344/754 3558/213/754
f 3545/150/755 3549/333/755 3550/332/755 3546/325/755
f 3561/267/756 3550/332/756 3549/333/756 3562/320/756
f 3539/213/172 3542/345/172 3408/326/172 3407/154/172
f 3399/150/42 3395/154/42 3540/267/42 3547/346/42
f 3395/154/43 3396/326/43 3541/344/43 3540/267/43
f 3548/150/172 3539/213/172 3407/154/172 3411/150/172
f 3542/345/696 3557/213/696 3416/213/696 3408/326/696
f 3396/326/162 3404/213/162 3558/213/162 3541/344/162
f 3398/325/162 3397/324/162 3543/150/162 3546/325/162
f 3544/318/298 3553/318/298 3414/321/298 3409/324/298
f 3545/150/695 3544/318/695 3409/324/695 3410/325/695
f 3397/324/42 3402/321/42 3554/325/42 3543/150/42
f 3400/150/42 3398/325/42 3546/325/42 3550/332/42
f 3549/333/185 3545/150/185 3410/325/185 3412/150/185
f 3552/331/172 3548/150/172 3411/150/172 3413/150/172
f 3401/150/42 3399/150/42 3547/346/42 3551/321/42
f 3562/320/185 3549/333/185 3412/150/185 3418/154/185
f 3406/154/42 3400/150/42 3550/332/42 3561/267/42
f 3553/318/697 3552/331/697 3413/150/697 3414/321/697
f 3402/321/42 3401/150/42 3551/321/42 3554/325/42
f 3557/213/295 3556/213/295 3415/213/295 3416/213/295
f 3404/213/42 3403/213/42 3555/154/42 3558/213/42
f 3556/213/694 3560/326/694 3417/326/694 3415/213/694
f 3403/213/42 3405/326/42 3559/330/42 3555/154/42
f 3560/326/185 3562/320/185 3418/154/185 3417/326/185
f 3405/326/162 3406/154/162 3561/267/162 3559/330/162
f 3077/57/42 3074/57/42 3568/57/42 3571/57/42
f 3071/57/42 3078/57/42 3572/57/42 3565/57/42
f 3069/57/42 3076/57/42 3570/57/42 3563/57/42
f 3072/57/42 3069/57/42 3563/57/42 3566/57/42
f 3078/57/164 3075/57/164 3569/57/164 3572/57/164
f 3075/57/42 3072/57/42 3566/57/42 3569/57/42
f 3070/57/42 3077/57/42 3571/57/42 3564/57/42
f 3076/57/42 3073/57/42 3567/57/42 3570/57/42
f 3073/57/42 3070/57/42 3564/57/42 3567/57/42
f 3074/57/42 3071/57/42 3565/57/42 3568/57/42
